pubchem_id,molecule_name,example_flavor_profile
22201,"2,3-Dimethylpyrazine",butter@caramel@nut@peanut butter@meat@leather@coffee@cocoa@peanut@nutty@almond@walnut
31252,"2,5-Dimethylpyrazine",roast beef@roasted nuts@grass@medical@cocoa@woody@medicine@roasted nut@medicinal
26331,2-Ethylpyrazine,butter@peanut@musty@cocoa@nutty@wood@roasted@woody@bitter@peanut butter
27457,2-Ethyl-3-Methylpyrazine,raw@hazelnut@roast@sweat@potato@bread@musty@earthy@peanut@nutty@corn
7976,2-Methylpyrazine,chocolate@roasted@cocoa@peanut@nutty@popcorn@green
26808,"2,3,5-Trimethylpyrazine",hazelnut@roast@roasted@powdery@potato@must@musty@earthy@cocoa@peanut@nutty
323,coumarin,sweet@new mown hay@green@tonka@bitter
7150,Methyl Benzoate,prune@cananga@floral@wintergreen@lettuce@sweet@almond@herb@phenolic
11509,3-Hexanone,ether@waxy@grape@sweet@rum@fruity
637566,Geraniol,citrus@rose@waxy@floral@sweet@fruity@geranium
439341,alpha-Maltose,odorless@sweet
33931,2-Ethyl-4-hydroxy-5-methyl-3(2H)-furanone,butterscotch@caramel@sweet@candy
9261,Pyrazine,hazelnut@roasted@barley@sweet corn@pungent
6072,Phlorizin,bitter
12587,4-Methylpentanoic Acid,pungent@cheese
878,methanethiol,sulfur@garlic@gasoline@decomposing cabbage
5281708,daidzein,bitter
240,benzaldehyde,cherry@almond@sweet@burnt sugar@sharp@strong@bitter
244,benzyl alcohol,berry@balsamic@rose@floral@walnut@sweet@cherry@phenolic@flower@grapefruit
441484,alpha-L-Sorbopyranose,sweet@bitter
1889,DL-Liquiritigenin,bitter
4788,phloretin,odorless@bitter
6184,Hexanal,leafy@grass@sweaty@tallow@fat@fresh@fatty@fruity@aldehydic@green
11128,Linamarin,bitter
8723,2-Methyl-1-Butanol,roasted@onion@malt@wine@fruity
12756,gamma-Caprolactone,coconut@tobacco@coumarin@herbal@sweet
8094,Heptanoic Acid,sour@cheesy@sweat@rancid@cheese
338,salicylic acid,nutty@faint@phenolic
11005,Tetradecanoic acid,fatty@soapy@waxy@coconut
1183,vanillin,vanilla@chocolate@sweet@creamy
12232,Dimethyl disulfide,citrus@cabbage@sulfurous@putrid@wine_like@onion@vegetable@fatty@floral@earthy@woody@fruity@herbaceous@nutty@meaty@spicy@green
5280511,(Z)-cinnamyl alcohol,oil@powdery@cinnamic@bitter@sweet@balsam@hyacinth@spicy@green
5315892,cinnamyl alcohol,hyacinth@spicy@powdery@sweet@cinnamic@balsam@green@bitter
15394,Ethyl Vinyl Ketone,peppery@mustard@garlic@onion@fish@pungent
784,hydrogen peroxide,bitter
14286,2-Acetylpyridine,tobacco@oily@fatty@heavy@popcorn@corn@chip
8892,Hexanoic Acid,fatty@sour@sweat@cheese
853433,Isoeugenol,carnation@clove@floral@sweet@woody@flower@spicy@phenolic
247,betaine,bland
7654,Phenethyl acetate,tobacco@rose@floral@sweet@honey@fruity@tropical
702,ethanol,alcoholic@ethereal@medical@sweet@strong
999,Phenylacetic Acid,honeysuckle@sour@waxy@floral@sweet@honey@civet@flower
643941,cis-3-Hexenal,apple@fatty@fruity@leaf@grassy@weedy@green
637511,cinnamaldehyde,spice@warm@red hots@paint@clove@sweet@candy@cinnamon
8063,Pentanal,bready@fermented@berry@malt@pungent@fruity@nutty@almond
637775,Sinapic Acid,odorless
8452,Cyclopentanone,minty
6986,2-Isopropyl-5-methylcyclohexanone,mint@fresh@peppermint@sweet@cool@minty@green
6054,2-Phenylethanol,lilac@rose@rose water@honey@rose flower@floral@spice@bitter@rose dried
439263,(+)-Neomenthol,camphoraceous@minty@sweet@mentholic
7937,"2,6-Dimethylpyridine",bready@oily@woody@cocoa@nutty@amine
1110,succinic acid,sour@odorless
5284639,NSC5112,bitter
31289,Nonanal,citrus@lime@orange peel@rose@fat@green@fishy@waxy@fresh@fatty@peely@aldehydic@orris@grapefruit
5280443,apigenin,bitter
998,phenylacetaldehyde,hyacinth@honey@clover@sweet@hawthorne@cocoa@grapefruit@green@peanut@floral@bitter
5318042,trans-2-Hexen-1-Ol,leafy@alcohol@pepper@wine@green@fresh@fruit@unripe banana@fruity@leaf@walnut
3893,lauric acid,coconut@mild@fatty@metal@bay oil
379,octanoic acid,cheesy@sweat@vegetable@waxy@fatty@rancid@oily@cheese
12097,5-Methylfurfural,caramel@spice@burnt sugar@maple@almond
1130,thiamine,bitter
31260,3-Methyl-1-butanol,oil@alcoholic@burnt@whiskey@malt@banana@fusel@fruity
107,3-Phenylpropanoic acid,balsamic@rose@fatty@sweet@musk@cinnamon
527,Propionaldehyde,solvent@alcohol@whiskey@wine@earthy@cocoa@pungent@nutty
10393,2-(4-Hydroxyphenyl)ethanol,floral@sweet@fruity@mild
7847,Acrolein,cherry@almond
441005,(+)-delta-Cadinene,herbal@woody@thyme@wood@medicine@dry
798,indole,burnt@jasmine@mothball@animal@fishy@floral@moth ball@naphthelene@honey@fecal
6050,Tributyrin,waxy@bitter@fatty@cheese@creamy
10797,2-Methylfuran,ethereal@acetone@chocolate
13144,calcium lactate,odorless
650,"2,3-butanedione",butter@caramel@oily@creamy@sweet@pungent@strong
638278,isoliquiritigenin,bitter
444539,Cinnamic Acid,storax@sweet@honey@balsam
5280598,Farnesal,floral@minty
8768,"3,4-Dihydroxybenzaldehyde",almond@medical@bitter@dry
1032,propionic acid,cheesy@soy@acidic@vinegar@rancid@pungent
11552,3-Methylbutanal,peach@sour@chocolate@ethereal@malt@fatty@aldehydic
445070,farnesol,orange@linden@mild@clove@fresh@waxy@floral@muguet@sweet@anise@lily@balsam@angelica@pear@grapefruit
107971,Daidzin,bitter
7284,2-Methylbutyraldehyde,musty@coffee@cocoa@nutty@almond
10448,3-methylthiopropanol,sulfurous@potato@onion@vegetable@sweet@soup
638011,Citral,lemon@citrus@bitter@sweet@sharp@mint
6560,2-Methyl-1-propanol,solvent@ether@wine@bitter
284,formic acid,pungent@vinegar@formyl
985,palmitic acid,fatty@slightly waxy
6590,Isobutyric Acid,rancid@butter@strawberry@cheese
6584,Methyl Acetate,sweet@bitter@ether@fruity
5367719,Methyl jasmonate,magnolia@jasmine@fresh@waxy@floral@oily@melon@petal
72,"3,4-Dihydroxybenzoic Acid",phenolic@balsamic@mild
89594,nicotine,bitter
5280863,kaempferol,bitter
8103,1-Hexanol,oil@alcoholic@ethereal@resin@fusel@sweet@fruity@flower@green
402,hydrogen sulfide,egg@rotten
10430,Isovaleric Acid,sour@sweat@acid@stinky@sweaty@animal@rancid@tropical@feet@cheese
644104,CID 644104,grassy@very mild
439533,Taxifolin,bitter
6251,D-mannitol,odorless@sweet
7895,2-Pentanone,potato@alcohol@ether@ethereal@wine@banana@fishy@fruit@sweet@woody@fruity
802,indole-3-acetic acid,sour@odorless@mild
49,3-Methyl-2-oxobutanoic acid,fruity
79803,1-Pyrroline,shrimp@ammoniacal
8868,ethyl acetoacetate,apple@fresh@fatty@fruity@green
26447,Menthone,menthol@camphor@peppermint@deep@herbal@raspberry@bitter@camphoraceous
1549026,Geranyl Acetate,waxy@rose@lavender@green@floral@bitter
5363388,cis-3-Hexenyl acetate,apple@fresh@banana@sweet@fruity@grassy@green
30914,Acetylpyrazine,tomato@coffee@corn@chocolate@nutty@bread crust@roast@hazelnut@popcorn@bitter@chip
7858,Allyl Alcohol,mustard@pungent
31268,Pyrrolidine,alkaline@egg@animal@ammoniacal@amine
439246,naringenin,bitter
6561,Isobutyraldehyde,malt@fresh@floral@pungent@aldehydic@green
9862,6-Methyl-5-Hepten-2-One,pepper@apple@mushroom@citrus@musty@rubber@nutty@green@hazelnut@bitter@lemongrass
18635,3-(Methylthio)propionaldehyde,potato@vegetable@tomato@fishy@musty@earthy@creamy@peanut@cooked potato@beef
454,Octanal,lemon@citrus@soap@orange peel@fat@waxy@fatty@aldehydic@green
6202,Thiamine Hydrochloride,mild@sour@bitter
768,hydrogen cyanide,bitter
2345,Benzyl Benzoate,oil@pineapple@balsamic@herbal@strawberry@oily@faint@sweet@balsam@cherry@almond@herb@cheese
5284503,trans-3-Hexen-1-ol,moss@bitter@fresh@fatty@earthy@intensely@green
8857,Ethyl Acetate,pineapple@ethereal@sweet@anise@fruity@balsam@weedy@green
5365811,4-Hexen-3-One,ethereal@pungent@tropical@metallic@spicy@green
643779,Neral,lemon@lemon peel@sweet@citral
2969,Decanoic acid,sour@citrus@fat@rancid@fatty@unpleasant
7362,2-Furaldehyde,fragrant@bread@woody@sweet@baked@almond
61020,3-Methyl-2-butenal,brown@sweet@pungent@fruity@cherry@nutty@almond
7288,3-Pentanone,ethereal@acetone@ether
85730,14400-67-0,caramel@ester@fruity
1031,1-propanol,alcoholic@fermented@alcohol@musty@fusel@pungent@peanut
19602,2-Pentylfuran,butter@green bean@vegetable@earthy@beany@fruity@metallic@green
8130,Heptanal,citrus@ozone@fat@herbal@fresh@wine-lee@rancid@fatty@aldehydic@green
180,acetone,solvent@apple@pear@ethereal
6569,2-Butanone,ethereal@ether@fruity@acetone@camphor
61503,D-Lactic acid,acidic@odorless
126,4-hydroxybenzaldehyde,woody@sweet@balsam@nutty@almond
5280445,luteolin,bitter
637542,p-coumaric acid,balsam@balsamic
12209,2-Methylbutyl Acetate,overripe fruit@banana@fruit@sweet@peanut@juicy
5372954,cis-Cinnamic acid,sweet@honey@balsam@storax@cinnamon
8468,Vanillic acid,powdery@vanilla@bean@milky@sweet@creamy@dairy
643731,Violet leaf aldehyde,wax@fatty@cucumber@dry@leaf@violet@green
7344,Ethyl Lactate,butterscotch@butter@tart@sharp@fruit@fruity@buttery
5366074,Damascenone,apple@tobacco@rose@smoky@sweet@honey
25915,2-Ethyl-5-Methylpyrazine,bean@fruit@sweet@coffee
460,guaiacol,spice@vanilla@smoky@sweet@woody@phenolic@medicine@medicinal@smoke
7824,Methyl Hexanoate,pineapple@ether@fresh@fruit@sweet@fruity
31276,Isoamyl Acetate,bitter@solvent@banana@fruity@sweet
332,2-Methoxy-4-vinylphenol,curry@smoky@clove@peanut@spicy
7997,Propyl acetate,solvent@fusel@pear@celery@raspberry@bitter@fruity
1049,Pyridine,sour@putrid@fishy@rancid@sickening@amine
8369,Maltol,caramel@jam@bread@cotton@sweet@fruity@baked@candy
32065,23747-48-0,roast@nut@roasted@potato@earthy@baked@peanut
12020,1-Penten-3-Ol,butter@pungent@tropical@horseradish@green@vegetable@bitter@fruity
12366,Ethyl Palmitate,mild@wax@milky@waxy@creamy@fruity@balsam
8158,Nonanoic Acid,cultured dairy@fat@waxy@green@dirty@cheese
8908,Hexyl acetate,apple@sweet@banana@fruit@green@herb@bitter@fruity
19309,3658-77-3,caramel@strawberry@grape@cotton@sweet@sugar@candy@almond
263034,Difurfuryl ether,nutty@coffee
8163,2-Undecanone,orange@waxy@fresh@fatty@floral@iris@creamy@fruity@orris@green
8164,Octyl acetate,herbal@waxy@earthy@mushroom@green
12170,Furfuryl acetate,horseradish@sweet@fruity@banana
228583,2-Furylacetone,radish@spicy
9589,3-Acetylpyridine,dry@sweet@woody@hawthorn@nutty@popcorn@phenolic
637564,"2,4-Hexadienal",citrus@floral@sweet@spicy@green
19310,Dimethyl trisulfide,sulfur@cabbage@sulfurous@onion@fish@savory@meaty@cooked
7711,2-Phenylethyl formate,hyacinth@rose@green@herbal@watercress@bitter
880,methylglyoxal,brown@ethereal@acidic@sweet@rum
8027,Pyrrole,ethereal@nutty@sweet@warm
11747,"2,3-Pentanedione",butter@cream@caramel@sweet@pungent@creamy@nutty@cheese
996,phenol,phenol@plastic@rubber@phenolic
7958,"2,6-Dimethyl-4-heptanone",pineapple@banana@fruity@metallic@green
5365891,2-Octen-4-one,
1060,Pyruvic acid,acetic@sour@sharp@caramellic
6915,2-Ethylbutyric Acid,sour@caramel@berry@acidic@whiskey@fruity@dry
61303,2-Pentadecanone,jasmin@fresh@celery
26334,"2-Ethyl-3,5-Dimethylpyrazine",roast@burnt almonds@roasted nuts@potato@coffee
31251,Ethyl Nonanoate,rose@wine@waxy@rum@fruity@tropical@natural
7359,2-Ethylbutanal,ethereal@cocoa@sweet@fruity@green
8082,Piperidine,floral@sweet@heavy@bitter@animal
1146,trimethylamine,sweaty@fish@fishy@oily@rancid@fruity
7921,gamma-Valerolactone,tobacco@warm@herbal@cocoa@sweet@woody
22386,2-Pentanol,oil@fermented@mild@fusel@green
11173,3-Methyl-2-Buten-1-Ol,lavender@fruity@herb@green
10883,Ethyl Levulinate,berry@pineapple@floral@sweet@fruity@rhubarb@green
11559,alpha-Angelica lactone,
7361,Furfuryl Alcohol,coffee@alcoholic@bitter@musty@chemical@caramel@sweet@burnt@bread
994,Dl-Phenylalanine,odorless
5960,L-aspartic acid,odorless
6140,L-phenylalanine,odorless@bitter
7909,4-Methyl-2-pentanone,solvent@spice@herbal@sharp@fruity@dairy@green
18522,2-Methyltetrahydrofuran-3-One,solvent@bread@buttery@sweet@nutty
12327,Ethyl Undecanoate,coconut@waxy@fatty@soapy@cognac
36822,"5,6,7,8-Tetrahydroquinoxaline",nut@roasted@bean@musty@cheese@cereal@corn@chip
65064,(-)-Epigallocatechin gallate,bitter
107905,(-)-Epicatechin gallate,bitter
5283324,trans-2-Octenal,nut@fat@herbal@fresh@green@fatty@banana@waxy@leaf@cucumber
18827,1-Octen-3-Ol,raw@fishy@oily@earthy@fungal@chicken@mushroom@green
612,lactic acid,odorless
5364752,trans-2-Pentenal,apple@orange@tomato@strawberry@fruit@pungent@fruity@green
957,1-octanol,burnt@orange@rose@waxy@chemical@metal@aldehydic@mushroom@green
14296,"2,3,5,6-Tetramethylpyrazine",chocolate@burnt@lard@musty@coffee@cocoa@soybean@nutty
3776,isopropanol,woody@bitter@musty@alcohol
179,acetoin,butter@cream@milky@fatty@creamy@sweet@dairy@buttery
13187,2-Nonanone,soap@herbal@fresh@fishy@hot milk@earthy@sweet@soapy@weedy@green
10931,"3,3-Dimethylacrylic acid",alcohol@dairy@phenolic@green
61209,"3-Methylcyclopentane-1,2-dione",
11579,Levulinic Acid,caramel@acetoin@acidic@sweet@buttery
8194,Dodecanal,citrus@fat@waxy@floral@lily@aldehydic@soapy@green
5283335,trans-2-Nonenal,waxy@green@fatty@paper@melon@cucumber
72277,(-)-Epigallocatechin,bitter
15037,1-Furfurylpyrrole,vegetable@waxy@plastic@coffee@fruity@green
8093,Octan-2-one,natural@earthy@gasoline@weedy@herbal@woody@bitter@soap
9064,Cianidanol,bitter
31245,2-Methylpentanal,ethereal@fruity@green
7710,gamma-Nonanolactone,peach@coconut@waxy@oily@creamy@sweet@buttery
8314,2-Methylbutanoic acid,sour@sweat@acid@strawberry@roquefort cheese@pungent@cheese
5283329,"(2E,4E)-Octa-2,4-dienal",green@fatty@melon@pear@seaweed@cucumber
8038,Isobutyl Acetate,apple@sweet@fruity@tropical@fruit@ethereal@bitter@banana
1068,dimethyl sulfide,sulfur@sulfurous@cabbage@onion@gasoline@vegetable@sulfury@sweet corn@tomato@radish@wild@green
5283339,"trans,trans-2,4-Nonadienal",
14079,2-Acetylpyrrole,nut@licorice@coumarin@bread@musty@nutty@walnut
8914,1-Nonanol,fatty@dusty@rose@fat@floral@green@clean@wet@orange@fresh@bitter@oily
637920,Methyl propenyl ketone,acetone@fishy@fruity@phenolic
10957,Isobutyl Formate,ether@sweet@fruity@chemical
7894,Isoamylamine,unpleasant@ammonia
61663,13679-70-4,sulfur@acetophenone@sweet@woody@cherry@almond@furfural
65084,Gallocatechin,bitter
72276,(-)-Epicatechin,bitter
62131,Furfuryl methyl disulfide,roasted@sulfury@fishy@coffee@meaty@alliaceous@smoke
8785,Benzyl Acetate,apple@bitter@apricot@plum@jasmine@boiled vegetable@cherry@sweet@floral@fresh@jasmin@fruity
5352905,"4-Propenyl-2,6-dimethoxyphenol",sweet@spicy
5281,stearic acid,fatty@odorless@mild
8180,Undecanoic Acid,oil@coconut@waxy@fatty@creamy@cheese
62453,4-Vinylphenol,medical@chemical@almond shell@sweet@phenolic
11622,2-Tridecanone,coconut@herbal@milky@waxy@fatty@earthy@dairy@nutty
5370602,5-Methyl-2-phenyl-2-hexenal,chocolate@bitter@butyric@cocoa@sweet@fruity@aldehydic@nut skin@green
12748,4-Methylthiazole,vegetable@tomato@nutty@roasted meat@green
7151,Methyl Nicotinate,tobacco@herbal@warm
5282726,4-Decenoic acid,
7144,2-Methoxy-4-Methylphenol,phenolic@clove@leather@smoky@bacon@medical@mesquite@carnation@medicinal@bitter@vanilla@spice
5321950,Tiglic aldehyde,ethereal@anisic@fruit@pungent@fruity@nutty@green
5284507,Nerolidol,citrus@wax@waxy@floral@woody@wood@flower@green
9256,Thiazole,nutty@pyridine@meaty
8091,Methyl octanoate,orange@vegetable@herbal@waxy@sweet@aldehydic@green
135,4-Hydroxybenzoic Acid,nutty@phenolic
5283316,(E)-Hept-2-enal,soap@vegetable@fat@fresh@fatty@pungent@almond@green
61712,4-Ethylsyringol,
15606,Methyl Nonanoate,coconut@wine@waxy@sweet@fruity@tropical@pear
445639,oleic acid,lard@fat@waxy@fatty@fried@faint
7469,4'-Hydroxyacetophenone,mild@sweet@balsam@hawthorn@mimosa
17100,alpha-TERPINEOL,
643820,nerol,neroli@natural@citrus@sweet@magnolia@bitter
5284421,Methyl Linoleate,
31249,Diethyl Succinate,peach@chocolate@apple@apricot@mild@wine@grape@musty@fruit@fruity@cranberry@pear@ylang@cooked
5367531,"(2E,4E)-Undeca-2,4-dienal",caramellic@spicy
7795,Isoamyl butyrate,hop_oil@apricot@whiskey@banana@tropica@papaya@melon@fruity@pear@green
20083,Octan-2-ol,fat@herbal@fresh@earthy@woody@mushroom@spicy@green
10558,Isobutyl mercaptan,mustard@vegetable@cooked
16617,Isopentyl hexanoate,apple@pineapple@banana@fruity@green
222656,L-Malic acid,odorless
5283349,"(2E,4E)-deca-2,4-dienal",citrus@orange@nut@wax@meat@fat@fresh@fatty@oily@cucumber@sweet@melon@pumpkin@fried@green
7799,Ethyl Octanoate,apricot@fat@wine@waxy@banana@brandy@fruit@sweet@fruity@pear
61030,Octyl butyrate,jasmin@waxy@fresh@oily@earthy@creamy@fruity@natural@green
12613,Isoamyl Isovalerate,apple@jammy@ripe@sweet@fruity@tropical@mango@green
7193,Isopentyl benzoate,sweet@waxy@balsamic@green
8025,Ethyl Formate,alcohol@rose@pungent@cognac@green@ethereal@bitter
17525,Hexyl Butyrate,apple@apple peel@waxy@sweet@fruity@soapy@green
16821,gamma-Dodecalactone,peach@fatty@musty@fruit@sweet@fruity@metallic@flower
8052,Isopentyl formate,blackcurrant@ethereal@vinous@green@earthy@fruit@plum@dry
264,butyric acid,butter@sweat@acetic@sharp@rancid@fruit@cheese
753,glycerol,odorless@sweet
5362583,Ethyl trans-4-decenoate,cognac@fruity@waxy@green
639665,Xanthohumol,bitter
3314,eugenol,clove@sweet@woody@honey@spicy@cinnamon
8129,1-Heptanol,leafy@coconut@herbal@peony@strawberry@chemical@musty@sweet@woody@violet@green
7945,Ethyl Isovalerate,apple@pineapple@tutti frutti@fruit@sweet@fruity
10976,2-Heptanol,lemon@mushroom@sweet@floral@green@herbal@fresh@grass@bitter@fruity
643139,3-Hexenal,leafy@apple@stem@tomato@melon@fruity@natural@green
7655,Phenethyl isobutyrate,peach@rose@pastry@tea@floral@bitter@fruity
7707,3-Phenylpropanal,chocolate@cortex@clove@foliage@strawberry@fresh@green@honey@balsam@leaf@hyacinth@storax@cinnamon
8842,Citronellol,waxy@bitter@citrus@rose@leather@geranium@floral@rose bud
75515,S-Methyl hexanethioate,ethereal@tropical@fruity@green
18698,Delta-Nonalactone,coconut@coumarin@milky@creamy@sweet
61592,Ethyl 3-(methylthio)propionate,pineapple@tomato@sulfury@ripe@fruity@pulpy@metallic
61386,Isoamyl laurate,peach@wine@brandy@waxy@oily@fatty@rum@beer
12813,gamma-Decalactone,peach@coconut@caramel@fat@waxy@fresh@oily@fatty@sweet@fruity@strong@buttery
1491,"2,4-dihydroxybenzoic acid",phenolic@mild
7742,gamma-Heptalactone,coconut@caramel@nut@fat@hay@fruit@sweet@nutty@tonka
7762,Ethyl Butyrate,apple@pineapple@banana@fruit@fruity@juicy@cognac
445154,resveratrol,bitter
7915,Isopropyl Acetate,ethereal@chemical@banana@sweet@fruity
7848,1-Propanethiol,cabbage@onion@sweet@gassy@natural
8792,Phenylethyl isovalerate,rose@peach@apricot@sweet@floral@bitter@fruity
24115,Acetyl isobutyryl,fatty@sweet@creamy@fruity@buttery
7460,Alpha-Phellandrene,mint@citrus@peppery@spice@herbal@turpentine@woody@terpene@green
529496,2-Heptyl butanoate,vegetable@fruity@green
5282708,trans-3-Hexenoic acid,
19707,"2,3-Hexanedione",butter@caramel@oily@fatty@sweet@creamy@fruity@phenolic@dry
5362622,Ethyl 3-Hexenoate,
8159,Heptyl acetate,apricot@fresh@ripe@fruit@woody@rum@pear@green
8432,1-Phenylethyl propionate,gardenia@rose@fresh@floral@sweet@weedy@green
8169,Heptyl formate,apple@herbal@waxy@floral@cucumber@plum@green
62484,3-Hydroxy-2-Pentanone,truffle@herbal@herb
1001,Phenethylamine,ammoniacal@fishy
73750,S-Methyl thioacetate,sulfurous@cabbage@vegetable@egg@dairy@cheese
636687,"2,6-Nonadienal",citrus@fresh@green@melon@cucumber
8186,Undecanal,oil@laundry@citrus@waxy@fresh@floral@fatty@sweet@pungent@aldehydic@soapy@green
10886,Pentyl Hexanoate,apple@pineapple@fatty@estery@sweet@fruity@pear@green
7797,Ethyl Heptanoate,pineapple@wine@fruit@plum@fruity@melon@rum@cognac
8655,Syringaldehyde,mild@sweet@woody@tonka@plastic
8175,Decanal,citrus@soap@orange peel@tallow@waxy@floral@sweet@aldehydic
6998,Salicylaldehyde,cooling@medical@wintergreen@spicy@cinnamon
16255,Isopentyl octanoate,coconut@pineapple@oily@sweet@fruity@soapy@green
61384,2-Phenylethyl hexanoate,pineapple@sweaty@waxy@banana@floral@woody@sweet@honey@green
7800,Ethyl dodecanoate,waxy@floral@sweet@clean@leaf@soapy
8007,Butylamine,ammonia@fishy
62465,4-Ethyl-2-methoxyphenol,spice@smoky@clove@bacon@spicy@phenolic
7658,Phenethyl butyrate,yeast@strawberry@floral@musty@sweet
31283,Ethyl tetradecanoate,ether@waxy@sweet@soapy@orris@violet
5281168,trans-2-Hexenal,leafy@apple@cheesy@vegetable@fat@banana@rancid@fatty@sweet@plum@fruity@aldehydic@almond@green
8193,1-Dodecanol,coconut@wax@fat@waxy@fatty@earthy@honey@soapy
7775,Isobutyl hexanoate,peach@pineapple@sweet@fruity@tropical@green
679,dimethyl sulfoxide,fatty@mushroom@cheesy@garlic@bitter@oily
21057,1-Hepten-3-Ol,acrylate@tomato@oily@metallic@spicy@green
9609,Diethyl sulfide,ethereal@sulfurous
31291,Tetradecanal,citrus peel@incense@amber@wax@waxy@fatty@musk@flower@dry
229888,2-Phenylethyl octanoate,waxy@cocoa@sweet@fruity@green
146586,Prenylthiol,sulfurous@leek@onion@amine@smoke
8051,2-Heptanone,coconut@soap@herbal@sweet@woody@fruity@spicy@cinnamon
88290,19872-52-7,box tree@sulfurous@blackcurrant@cat-urine@meaty
5280343,quercetin,bitter
16872,Hexyl isobutyrate,apple@berry@wine@grape@ripe@sweet@fruity@pear@green
7772,Isoamyl propionate,tomato@ripe@sweet@fruity@tropical@fruit@pineapple@bitter@banana
9017,Citronellyl acetate,lemon@citrus@rose@floral@fruit@woody@fruity@tropical@dust@green
342,m-cresol,medical@leather@woody@fecal@phenolic@medicinal@plastic
520108,2-Acetylthiazole,sulfur@roast@chocolate@hazelnut@nut@nutty@popcorn@roasted peanuts
61171,S-Ethyl ethanethioate,garlic@onion@sulfury@coffee@fruity@meaty
85519,3-(Methylthio)propyl acetate,fatty@ester
5463238,2-Hepten-4-One,ethereal
58,2-oxobutanoic acid,brown@caramel@lactonic@sweet@creamy
8174,1-Decanol,orange@rose@fat@waxy@fatty@floral@sweet@clean@watery
12367,2-Nonanol,citrus@orange@waxy@cucumber@creamy@fruity@cheese@green
964,3-Hydroxypyruvic acid,sour@cabbage@radish
1549018,cis-Jasmone,jasmine@jasmin@herbal@floral@woody@celery@spicy
10925,Isoamyl mercaptan,glue@onion
7342,Ethyl Isobutyrate,rubber@alcoholic@ethereal@strawberry@sweet@fusel@fruity@rummy
569214,1-Phenylethyl isobutyrate,jasmin@tropical@fruity@mango@green
519786,Isopentyl isobutyrate,pineapple@apricot@waxy@banana@fruity@green
7222,Benzothiazole,rubber@vegetable@gasoline@sulfury@meat@rubbery@coffee@nutty@cooked
513197,Isoxanthohumol,bitter
14505,2-Acetylfuran,caramel@tobacco@balsamic@potato@coffee@sweet@cocoa@peanut@balsam@almond@beef
7302,gamma-Butyrolactone,caramel@oily@fatty@sweet@creamy
7646,Benzyl isobutyrate,jasmine@jasmin@rose@oily@sweet@fruity@tropical
5054,resorcinol,musty@creamy@hawthorn@nutty@phenolic
31253,Myrcene,peppery@spice@balsamic@must@balsam@terpene@spicy@plastic
8918,Nonyl Acetate,waxy@gardenia@soapy@tropical@fruit@green@clean@sweet@bitter@fruity
61048,Isobutyl benzoate,powdery@musty@sweet@fruity@balsam
61664,13679-85-1,sulfur@cabbage@berry@must@onion@fruity@others
14514,2-Acetyl-5-Methylfuran,coconut@coumarin@milky@musty@hay@strong@nutty
31225,2-Phenylethyl propionate,red rose@floral@fruity@balsam@honey@styrax
61743,9-Decenoic acid,waxy@fatty@fruity@soapy@green
7749,Ethyl Propionate,pineapple@grape@fruit@sweet@rum@fruity@juicy
15406,Fenchol,dry@lemon@borneol@sweet@pine@camphor@woody@bitter
240925,"2,6-Dimethoxy-4-methylphenol",caramel@spice@woody@root@phenolic@eugenol@medicinal@smoke
5319754,2-Methyl-2-Pentenal,
31242,4-Ethylphenol,smoke@castoreum@spice@alcohol@guaiacol@phenol@medicinal@phenolic
6086514,Geranyl isobutyrate,peach@apricot@rose@floral@sweet@fruity@green
638122,2-Pentenoic Acid,
442428,naringin,bitter
10823,3-Ethylpyridine,caramel@citrus@tobacco@wine_like@smoky@vegetable@leather@oakmoss@fatty@floral@musty@woody@earthy@fruity@peanut@herbaceous@nutty@meaty@spicy@green
14228,Hexyl octanoate,oil@apple@berry@waxy@ester@fruity@herb@green
62835,28664-35-9,maple@caramel@cotton candy@tobacco@spice@burnt@smoky@fennel@coffee@sugar@extremely sweet@celery@strong@seedy
522676,Isoamyl nonanoate,oily@floral@fruity@apricot
65285,S-Methyl 2-methylbutanethioate,
7147,1-Phenyl-1-propanol,floral@sweet@balsam
31284,Methyl tetradecanoate,fatty@orris@waxy@petal
6354,Oxirane,
20653,2-Methylhexanoic Acid,lard@oily@fatty@fruity@cheese
5364399,Ethyl 2-octenoate,oil@must@waxy@fruit@pungent@fruity@tropical@green
8073,Propyl Formate,rum@sweet@green@berry@ethereal@bitter@fruity
263,1-butanol,oil@vanilla@fruit@fusel@sweet@balsam@medicine@medicinal
61814,"2,4-Dimethylbenzaldehyde",spice@vanilla@naphthyl@cherry@almond
1136,4-Methyl-5-Thiazoleethanol,sulfur@cooked beef juice@fatty
326,4-isopropylbenzaldehyde,spicy@acid@herbal@sharp@oily@cumin@green
11508,3-Methyl-1-Pentanol,wine@fusel@cocoa@fruity@cognac@green
11902,Methyl 2-furoate,tobacco@fungal@sweet@fruity@mushroom
637758,Ethyl Cinnamate,
5364231,cis-3-Hexenyl lactate,leafy@waxy@sweet@melon@tropical@leaf@fruity@violet@green
31265,Ethyl caproate,pineapple@apple peel@waxy@banana@fruit@sweet@fruity@green
7501,Styrene,balsamic@gasoline@floral@sweet@balsam@plastic
10885,Isobutyl butyrate,apple@berry@pineapple@sweet@rum@fruity
7165,Ethyl Benzoate,dry@celery@wintergreen@grape@cherry@fruity@sweet@plum@anise@musty@camomile@balsam@strawberry@fruit@minty@berry@cranberry@raspberry@bitter@banana@flower
7761,Diethyl Malonate,apple@sweet@fruity@green
9895,beta-Cyclocitral,mint@saffron@tobacco@herbal@damascone@sweet@tropical@clean@fruity@rose oxide@minty
8748,Beta-Terpineol,must@earthy@pungent@woody
638014,Beta-Ionone,violet@orange@powdery@jam@seaweed@floral@woody@orris@raspberry@flower@dry
83036,13002-09-0,alcoholic@fermented@ethereal@fruity@green
5281167,(Z)-Hex-3-en-1-ol,leafy@grass@foliage@vegetable@herbal@fresh@cut grass@oily@green
5364778,Ethyl hex-2-enoate,vegetable@sweet@rum@fruity@juicy@green
177,acetaldehyde,ethereal@ether@whiskey@pungent@fruity@aldehydic
110664,Cycloionone,
170833,Isopulegol,cooling@minty@woody@medicinal
11527,3-Octanol,citrus@nut@moss@herbal@earthy@woody@melon@minty@mushroom@spicy
12041,Ethyl Pyruvate,
7957,"2,6-Dimethyl-4-heptanol",fermented@mild@ethereal@fresh@yeasty
61275,Nerol oxide,oil@diphenyl oxide@cortex@herbal@narcissus@celery@weedy@flower@green
24020,Ethyl 2-methylbutyrate,apple@sharp@sweet@plum@fruity@green
24516,Isobutyl heptanoate,herbal@fruity@green
5324489,cis-2-Hexen-1-ol,
7409,1-Phenylethanol,acetophenone@gardenia@fresh@sweet@hyacinth
7590,Ethyl Phenylacetate,grapefruit@balsam@rose@anise@chocolate@honey@melon@fruit@sweet@floral@raspberry@bitter@cocoa
61665,13679-86-2,spice@herbal@rosemary@minty@phenolic@green
12729,Ethyl 10-Undecenoate,waxy@musty@creamy@clean@fruity@soapy@cognac
61293,Ethyl 3-hydroxyhexanoate,citrus@pineapple@smoky@grape@fresh@fruity
8048,Ethyl Decanoate,apple@brandy@waxy@grape@oily@sweet@fruity@pear
8122,Ethyl Stearate,waxy@mild
11520,3-Heptanol,herbal@powerful@bitter@herb
12178,3-Hexanol,alcoholic@alcohol@ether@medicinal
5364941,trans-2-Nonen-1-ol,violet@melon@waxy@green
8139,Methyl Dodecanoate,coconut@fat@waxy@creamy@soapy@mushroom
12293,Propyl Hexanoate,pineapple@fruit@sweet@fruity@tropical@juicy@green
8738,Butyl Lactate,fermented@waxy@creamy@fruity@mushroom
10362,Carvomenthone,minty@spearmint@herbal
1550470,Ethyl Sorbate,
17739,2-Methoxy-4-Propylphenol,powdery@allspice@clove@pepper@sharp@fishy@phenol@sweet@anise@balsam@soapy@spicy@phenolic
8500,4'-Methylacetophenone,hawthorne@acetophenone@coumarin@sweet@bitter almond@hawthorn@cherry@mimosa
7043,"1,2-Dimethoxybenzene",vanilla@musty@creamy@sweet@phenolic
7765,Acetal,cream@nut@tart@ether@vegetable@earthy@fruit@sweet@honey@green
246728,3-Octanone,butter@herbal@resin@fresh@mushroom@sweet@lavender@herb
10795,"1,1-Dimethoxyethane",alcohol@ether@sharp@new mown hay@sweet@green
7720,2-Ethylhexan-1-ol,citrus@rose@fresh@floral@oily@sweet@green
14529,2-(4-methylphenyl)propan-2-ol,citrus@coumarin@must@floral@sweet@fruity@cherry@camphor
1549778,Geranylacetone,magnolia@rose@fresh@floral@aldehydic@fruity@leaf@green
98497,Campholenic aldehyde,leafy@amber@herbal@woody@green
4133,methyl salicylate,mint@wintergreen@peppermint
102667,Pinocarveol,herbal@woody@balsam@pine@camphor
5318599,trans-2-Octen-1-Ol,citrus@soap@green@plastic
520326,3-Methylbutyl 2-methylbutanoate,citrus@apple@sweet@blueberry@fruity@cherry
15448,2-Undecanol,waxy@cotton@fresh@sarsaparilla@clean cloth
11468,1-Terpineol,must@woody@musty@dry
12529,Pentyl formate,ethereal@powerful@earthy@unripe banana@fruity@green
24197,Diethyl Malate,
62900,Whiskey lactone,coconut@burnt@coumarin@toasted@celery@nutty@tonka
61586,4-(Ethoxymethyl)-2-methoxyphenol,alcoholic@chocolate@vanilla@smoky@sweet@rum@creamy@nutmeg@spicy
8167,Decyl Acetate,oil@citrus@orange@pineapple@rose@waxy@fresh@clean@laundered cloths@soapy
6321405,Isoborneol,must@herbal@woody@balsam@camphor
10582,Myrtenol,mint@medical@woody@sweet@balsam@pine
7559,Methyl Phenylacetate,spice@waxy@floral@sweet@honey@almond
5282108,Alpha-Ionone,floral@sweet@woody@tropical@fruity@wood@orris@raspberry@violet
15654,4-Methyl-5-Vinylthiazole,vegetable@musty@cocoa@root@nutty
325,4-isopropylbenzyl alcohol,spicy@herb@herbal@leather@caraway@strong@wood@cumin
62374,1125-21-9,tobacco@musty@woody@sweet@leaf@tea
12508,Isopropyl Propionate,banana@sweet@ether@pineapple@bitter@fruity
5463485,"2,4-Decadienoic acid methyl ester",
31272,Butyl acetate,solvent@ethereal@banana@fruity@pear
5362592,"Propyl 2,4-decadienoate",fatty@pear@melon@green
5463904,Ethyl trans-2-decenoate,apple@waxy@fruity@pear@green
5281162,3025-30-7,apple@waxy@creamy@sweet@fruity@tropical@pear@green
11124,Methyl Propionate,harsh@apple@strawberry@fresh@rum@fruity
637520,Methyl cinnamate,balsam@sweet@cherry@strawberry
8184,1-Undecanol,citrus@clean clothes@rose@waxy@fresh@mandarin@floral@soapy
16237,Ethyl 3-phenylpropionate,rose@rum@fruity@honey@hyacinth@flower
8042,Isopropyl Myristate,oily@fatty@faint@cinnamon
8365,Ethyl salicylate,mint@floral@wintergreen@sweet@balsam@minty@spicy
7802,3-Heptanone,fatty@powerful@fruity@green
12257,Isopropyl Formate,ethereal@cocoa@tropical@solvent
5366038,"2-Butenoic acid, hexyl ester",
5363817,alpha-Ionol,ionone@floral@sweet@woody@tropical@violet
1119,sulfur dioxide,bitter
77932,Diisopropyl disulfide,cabbage@sulfurous@onion@alliaceous@meaty
6654,Alpha-Pinene,harsh@turpentine@minty@fresh@earthy@sweet@woody@terpene@pine@camphor
8294,Linalyl Acetate,citrus@fruit@sweet@woody@bergamot@lavender@green
14896,Beta-Pinene,resinous@resin@turpentine@green@hay@woody@pine@dry
22873,Hexyl Hexanoate,peach@vegetable@herbal@apple peel@fresh@cut grass@fruity
12810,Delta-Decalactone,peach@butter@coconut@apricot@fresh@oily@creamy@plum@sweet@fruity@dairy
62572,Ethyl 3-hydroxybutyrate,marshmallow@apple skin@grape@tropical@fruity@green
11335,"2,6-Dimethylphenol",rooty@coffee@sweet@medicinal@phenolic
12230,Ethyl methyl sulfide,sulfur@garlic@vegetable@sulfury@fatty@earthy@woody@nutty@wine_like@meaty@spicy@citrus@sulfurous@coffee@herbaceous@green@cabbage@pyridine@tomato@fishy@floral@fruity
1549521,3-(2-Furyl)acrolein,
7938,"2,6-Dimethylpyrazine",roast beef@roasted nuts@coffee@cocoa@roasted nut
8858,Mesityl Oxide,acrylic@vegetable@chemical@earthy@sweet@pungent
61400,"3,4-Dimethoxystyrene",cortex@floral@fruity@weedy@green
7770,Propyl butyrate,solvent@pineapple@apricot@sweaty@rancid@sweet@fruity
429065,Ethyl Crotonate,
12580,4-Propylphenol,medicinal@phenolic
60983,"2,3-Heptanedione",oily@butter@cheese
7462,Alpha-Terpinene,lemon@citrus@terpene@medicinal@herbal@woody@bitter@camphoraceous
16666,l-Menthol,cooling@tobacco@mentholic@peppermint@camphoraceous@minty
7803,Propyl Propionate,sweet@pungent@chemical@pineapple@sharp@bitter@fruity
10895,Isobutyl propionate,banana@tutti frutti@sweet@fruity@green@bitter@ether
2879,P-Cresol,smoke@animal@narcissus@phenol@mimosa@medicine@medicinal@phenolic
7341,2-Methylpentanoic acid,sour@cheese
335,o-cresol,phenol@musty@medicinal@phenolic
6874,Isoamyl salicylate,wintergreen@tobacco@metallic@floral@soapy@herbal@woody@bitter@orchid
735940,623-15-4,
61450,Ethyl 3-(2-furyl)propionate,pineapple@sweet@fruity@balsam
31226,3-Phenylpropyl acetate,spicy@sweet@balsam@storax@cinnamon@bitter
62092,p-Tolyl isovalerate,tobacco@herbal@animal@sweet
12266,"2,5-Dimethylfuran",roast@ethereal@bacon@chemical@gravy@beef@meaty
18686,Ethyl cyclohexanecarboxylate,winey@fruit@fruity@cheese
10882,Ethyl pentanoate,yeast@apple@pineapple@fruit@sweet@fruity@tropical@green
7755,3-Methylvaleric acid,cheesy@sweaty@acidic@sharp@animal@fruity@green
229377,Propyl heptanoate,apple@pineapple@wine@grape@ripe@strawberry@sweet@fruity@pear@green
12777,delta-Octanolactone,peach@coconut@fatty@sweet@tropical@dairy@tonka
7095,Biphenyl,geranium@rose@pungent@green
60979,Ethyl 4-methoxybenzoate,aniseed@anise@fruity@balsam@tarragon
6549,Linalool,lemon@citrus@orange@floral@sweet@woody@blueberry@bois de rose@lavender@flower@green
31234,3-Phenylpropan-1-ol,mignonette@cinnamyl@fruit@sweet@anise@balsam@hyacinth@spicy@cinnamon
62445,2-Methylbutyl isovalerate,apple@herbal@green@earthy@fruity@soapy@cheese
61137,Butyl pentanoate,apple@pineapple@sweet@fruity@tropical@raspberry@green
7351,Isobutyl isobutyrate,tropical@pineapple@grape skin
7728,5-Ethyl-2-methylpyridine,raw@roasted@potato@earthy@strong@nutty
61015,Butyl laurate,oil@waxy@oily@fruity@peanut@soapy
7047,Quinoline,rubber@tobacco@medical@musty@earthy
7059,6-Methylquinoline,tobacco@castoreum@leather@fecal@civet@tonka
6943,2-Isopropylphenol,phenolic@medicinal@creosote
61185,Amyl octanoate,orris@sweet@wine
7267,"2,5-Dimethylphenol",bacon@sweet@naphthyl@phenolic@smoke
5365069,53398-85-9,apple@fresh@sweet@fruity@pear@herb@green
8375,2'-Hydroxyacetophenone,tobacco@hawthorne@herbal@sweet@honey@hawthorn@phenolic
16220110,cis-3-Hexenyl crotonate,vegetable@green
6985,"2',4'-Dimethylacetophenone",floral@woody@sweet@minty@mimosa
102550,Lavender lactone,minty@fruity
602,Dl-Alanine,odorless
5280804,Isoquercitrin,odorless
8635,Methyl Anthranilate,neroli@flower@lemon@honey@strawberry@orange flower@grapefruit@medicinal@grape@bitter@fruity@lime
6544,Isophorone,cooling@tobacco@cedarwood@leather@musty@woody@sweet@fruity@camphoraceous@camphor@green
6440397,caftaric acid,odorless
18467,2-Methoxypyrazine,nutty@sweet@cocoa
12206,Methyl Valerate,apple@pineapple@sweet@fruity@nutty@green
68077,Tangeretin,bitter
5275520,Geranic Acid,lemon@moldy@feet@acidic@dry@woody@weedy@green
6428929,3-hydroxy-4-phenylbutan-2-one,creamy@fruity@sweet
11732,3-Methyl-2-Butanol,fruity
5281654,Isorhamnetin,bitter
5366264,Hotrienol,mouldy
7456,Methyl 4-hydroxybenzoate,odorless
61455,Hexyl isovalerate,apple skin@strawberry@sweet@fruity@unripe fruit@green
5791138,4-[(Z)-prop-1-enyl]phenol,
20861,4-Ethylbenzaldehyde,sweet@almond@bitter
61346,1-Octen-3-One,herbal@earthy@metal@musty@mushroom@dirty
875,DL-Tartaric acid,caramellic@very mild
595928,"4-Methyl-2-phenyl-1,3-dioxolane",naphthalic@bitter@narcissus@sweet@woody
5273467,Isopentyl cinnamate,amber@floral@musty@cocoa@orchid
226486,"4-Allyl-2,6-dimethoxyphenol",burnt@roasted@bacon@smoky@sweet@flower@ham@meaty
2733294,trans-2-Hexenyl acetate,banana peel@apple skin@privet@fresh@waxy@sweet@green
521246,3-oxobutan-2-yl acetate,buttery@sweet@pungent@creamy
6993580,87-91-2,
25611,2-Methyl-3-Heptanone,leafy@fruity@green
5372813,Alpha-Methylcinnamaldehyde,
4,1-Aminopropan-2-ol,fishy
32594,2-Isobutyl-3-Methoxypyrazine,spice@pepper@green pepper@bell@earth@galbanum@pea@green
8438,Piperonal,coconut@heliotrope@powdery@sweet@vanilla@flower@violet@bitter
11614,Butyl Formate,brandy@plum@fruity@rum
7476,4'-Methoxyacetophenone,butter@anisic@powdery@sweet@balsamic@hawthorn@caramel@acacia@bitter@vanilla
520098,24168-70-5,pepper@musty@bell@earth@galbanum@carrot@pea@green
17898,2-Methoxy-3-Methylpyrazine,
61184,Isopropyl butyrate,pineapple@ether@ripe@fruit@sweet@pungent@fruity@estery
61325,4077-47-8,caramel@moldy@potato@grape@sweet@fruity@maple@mildew@mossy@mushroom
61641,Methyl 3-(methylthio)propionate,sulfurous@garlic@onion@vegetable@tomato@sweet
6989,Thymol,herbal@thyme@camphor@medicinal@phenolic
7002,1-Methylnaphthalene,naphthyl@medicinal@chemical@camphor
249494,"3,7-Dimethyloctane-1,7-diol",mild@peony@floral@lily@clean@green
5363229,3-Octen-2-One,crushed bug@nut@herbal@earthy@hay@sweet@blueberry@mushroom@spicy
17000,"2,2,6-Trimethylcyclohexanone",pungent@honey@cistus@labdanum@thujone
243,benzoic acid,balsam@urine@faint
24838,Hexyl 2-methylbutanoate,apple@waxy@strawberry@fruity@tropical@spicy@green
229387,Decyl butyrate,slightly rose@sweet@fruity@waxy
33166,2-Isopropyl-3-Methoxypyrazine,earthy@beany@pea@earth
12180,Methyl butyrate,apple@pineapple@ether@banana@fruit@sweet@fruity
5282707,trans-2-Hexenoic acid,
27866,Rose oxide,red rose@fresh@geranium@spicy@green
106441,2-isopropyl-6-methoxypyrazine,
61953,Theaspirane,tobacco@wet@metallic@herbal@woody@leaf@tea@spicy@green
5282109,Geranyl formate,neroli@tea@green@rose@fresh@bitter
7826,Methyl Heptanoate,berry@waxy@floral@fruit@sweet@orris@green
261,butyraldehyde,bready@chocolate@creamy@pear@vegetable@fatty@earthy@woody@pungent@nutty@wine_like@meaty@spicy@citrus@herbaceous@green@apple@floral@musty@cocoa@fruity@malty
522514,Linaloyl oxide,
11514,Isobutyl Isovalerate,apple@banana@sweet@fruity@raspberry@green
70,4-Methyl-2-oxovaleric acid,fruity
5363526,Ocimene quintoxide,
8499,Methyl 4-Methoxybenzoate,herbal@sweet@anise@melon@balsam
1549025,Neryl acetate,citrus@lime@dewy@rose@floral@fruit@pear@blossom@soapy@grapefruit
6506,Triethyl Citrate,odorless@mild@bitter@fruity@wine
7249,"3,4-Dimethylphenol",flat@dry
7520,Thioanisole,solvent@toluene@woody@spicy
7363,Furfuryl mercaptan,roast@chocolate@burnt@sulfurous@roasted@smoky@sulfury@fishy@oily@fatty@coffee
61260,2-Propionylpyrrole,roast@popcorn
6430892,"1-Butanol, 3-mercapto-2-methyl-",
62539,"3,4-Hexanedione",caramel@toasted@buttery@nutty@almond
61988,2-Acetyl-1-ethylpyrrole,nutty
18554,2-Ethylfuran,earthy@sweet@burnt@malty
31246,4-Heptanone,pineapple@strawberry@sweet@fruity@peanut@cognac@cheese
61661,2-(Methoxymethyl)furan,coffee@roasted
104620,"4,5-Dimethyl-2-propyloxazole",burnt@roasted
30215,"2,4,5-Trimethyloxazole",wasabi@roasted@mustard@shellfish@vegetable@nut skin@nutty
62069,"2-Ethyl-4,5-dimethyloxazole",vegetable@earthy@creamy@green
6428802,"6,7-Dihydro-2,3-Dimethyl-5H-Cyclopentapyrazine",
61199,698-10-2,caramel@spice@sweet@fruity@maple
3017596,"2,5-Dimethyl-4-ethoxy-3(2H)-furanone",caramellic@brandy@fruity
3321360,"3-Methylcyclohexane-1,2-dione",
77837,"2,5-Dimethylthiazole",nutty@roasted
6429333,2-Phenyl-2-Butenal,cortex@radish@narcissus@sweet@beany@honey@cocoa@nutty
17016,"2,3,6-Trimethylphenol",
36225,"2,5-Diethyl-3-Methylpyrazine",hazelnut@toasted@meaty
61527,"3-Acetyl-2,5-dimethylfuran",leather@earthy@musty@sweet@cocoa@nutty@corn
65427,5-Ethyl-2-hydroxy-3-methylcyclopent-2-en-1-one,
61658,Furfuryl isovalerate,berry@grape@ripe@plum@fruity
7148,Propiophenone,lilac@hawthorn
14511,3-Methyl-2-Cyclohexen-1-One,cherry@caramel@nut@phenolic
7360,Tetrahydrofurfuryl Alcohol,caramel@warm@cauliflower@vegetable@oily@faint
102611,6-methyl-2-(oxiran-2-yl)hept-5-en-2-ol,herbal@floral@earthy@wood@flower@green
121694,"2,5-Dimethyl-4-ethyloxazole",burnt@roasted
61261,2-(Methylthio)phenol,sulfurous@garlic@onion@egg@meaty
7708,Benzyl formate,pineapple@apricot@floral@fruity@cranberry@almond@black tea@spicy
61240,2-Acetyl-1-methylpyrrole,earthy
521300,1-Hydroxybutan-2-one,butterscotch@malt@musty@coffee@sweet@grain
2734646,"2,3-Dimethylbenzofuran",tobacco@smoke@smoky@fennel@chemical@phenolic
8712,2-Methylbenzenethiol,rubber@sulfurous@garlic@onion@egg@meaty
26204,"5-Methylhexane-2,3-dione",brown@butter@sharp@sweet@creamy@fruity
26335,2-Methyl-5-Vinylpyrazine,coffee
61252,Tetrahydrothiophen-3-one,butter@garlic@vegetable@clam@buttery@meaty@green
61166,Furfuryl propionate,banana@oily@coffee@sweet@fruity@spicy@green
525358,ethyl methyl trisulfide,garlic@onion@green
28905,"2,3-Diethyl-5-Methylpyrazine",roast@citrus@hazelnut@roasted@wine_like@potato@vegetable@meat@fatty@floral@earthy@woody@musty@fruity@herbaceous@nutty@meaty@spicy@green
12570,2-Propylphenol,smoky@medicinal@phenolic
23642,2-Methoxybenzenethiol,spicy@sulfurous@powdery@smoked@sweet@sausage@meaty@phenolic
26333,2-Isobutyl-3-Methylpyrazine,syrup@sugar@herbal@green
123388,Ethyl methyl disulfide,truffle@sulfurous
34286,2-Methyl-3-furanthiol,coconut@meat@sulfury@fishy@metallic@meaty
20499,Difurfuryl Disulfide,roasted@cabbage@onion@sulfury@coffee@chicken@meaty
520682,3-Mercapto-3-methyl-1-butanol,roasted@vegetable@sweet@meat broth@spicy
7509,Benzyl Mercaptan,mint@sulfurous@garlic@onion@sharp@coffee@horseradish@alliaceous
62510,"4,5-Dimethylthiazole",roast@roasted@boiled shrimp@green@fishy@nutty@smoke
61670,5-Methylquinoxaline,burnt@roasted@toasted@coffee@nutty@corn
11160,Methyl isovalerate,strong@pineapple@apple@fruity
87466,2-Propylpyrazine,nutty@vegetable@green
61657,2-Methyl-5-(methylthio)furan,mustard@garlic@onion@sulfury@coffee@horseradish
2519,caffeine,odorless@bitter
61700,2-Isopropyl-5-methylpyrazine,sweat@earthy@coffee@nutty@green
10341,2(5H)-Furanone,buttery
526487,3-Mercapto-3-methylbutyl formate,roast@roasted@sweaty@herbal@cat@fruity
61662,S-Methyl 2-furancarbothioate,onion@milky@creamy@fried@cooked
6736,3-Methylindole,very strong@mothball@animal@fecal@indole@civet
27440,2-Ethyl-4-Methylthiazole,nutty@pistachio@green
61634,13494-07-0,caramel@sweet@maple
11363,"1-Phenyl-1,2-Propanedione",buttery@pepper@honey@plastic
20534,2-Butylfuran,mild@wine@sweet@fruity@spicy
104722,"1-(3,6-dimethylpyrazin-2-yl)ethanone",hazelnut@popcorn@roasted
5311110,50-69-1,
32093,2-Acetyl-3-Methylpyrazine,roasted@toasted@vegetable@grain@nutty
528698,42348-12-9,sweet@maple
61656,1-(Methylthio)-2-butanone,oily@garlic@mushroom@fishy
61660,S-Furfuryl thioacetate,roast@burnt@roasted@sulfury@coffee@nutty
61633,"3,4-Dimethyl-1,2-cyclopentanedione",caramel@licorice@sweet@anise@sugar@balsam@maple@fenugreek
62385,1195-32-0,styrene@citrus@gasoline@clove@guaiacol@pine@spicy@phenolic
151199,2-(4-Methoxyphenoxy)propanoic acid,bland
61659,Difurfuryl sulfide,powerful@sulfury@earthy@coffee@mushroom@meaty
10887828,2-Methylthioacetaldehyde,mustard@sulfurous@garlic@onion@vegetable@potato@nutty
11449,"Octane-2,3-dione",dill@buttery@broccoli@cooked
61653,"2,4,5-Trimethylthiazole",hazelnut@chocolate@vegetable@musty@coffee@cocoa@earth@nutty
518937,Furfuryl methyl sulfide,garlic@onion@vegetable@sulfury@horseradish@pungent
519732,5-Ethyl-2-methylthiazole,
61041,Safranal,spicy@tobacco@herbal@fresh@sweet@rosemary@metallic@herb@phenolic
5283321,"trans,trans-2,4-Heptadienal",hazelnut@cinnamon
5352876,"3,5-Octadien-2-one",fat@fatty@fruit@fruity@grassy@mushroom@green
520440,1-p-Menthen-9-al,
6433214,Bovolide,minty@herbal@spicy
526624,Bis(2-methyl-3-furyl)disulfide,roasted@onion@sulfury@scallion@roasted meat@meaty
31209,122-40-7,
5352461,trans-2-Hexenyl butyrate,apple@banana@fruity@orchid@grassy@green
5367682,cis-3-Hexenyl pentanoate,kiwi@apple@unripe banana@fruity@tropical@pear@green
23235,Hexyl benzoate,fresh@sappy@woody@clean@balsam
5366077,alpha-Damascone,
102861,24851-98-7,lactonic@jasmin@floral@oily@tropical@natural@green
5365991,Neryl isobutyrate,strawberry@fresh@sweet@fruity@raspberry@green
5352463,2-Hexenyl propanoate,apple@pear@fruity@green
3102,Benzophenone,peach@powdery@apricot@rose@balsam@geranium@metallic
5365049,cis-3-Hexenyl propionate,leafy@apple@fresh@waxy@fruity@pear@green
642039,4-Methyl-2-pentenoic acid,
7650,Benzyl butyrate,peach@butter@berry@jasmine@apricot@jasmin@fresh@logenberry@plum@fruity@pear@cheese
5367681,cis-3-Hexenyl isovalerate,apple@pineapple@fresh@tropical@fruity@green
65428,6-Hydroxydihydrotheaspirane,
61151,Methyl 2-methoxybenzoate,blackcurrant@cananga@herbal@floral@fruity@hyacinth
12072,Dihydrocarveol,mint@spice@herbal@menthol@minty@spearmint
5916154,4-Methyl-2-Pentenal,
5282724,2-Decenoic acid,waxy@fresh@oily@sweet@fruity
16441,Perillaldehyde,mint@spice@fat@herbal@fresh@oily@fatty@sweet@cherry@grassy@cumin@green
5365587,cis-3-Hexenyl formate,vegetable@sharp@waxy@fresh@sweet@grassy@green
442495,(+)-Pulegone,
221691,Hexyl phenylacetate,rose@foliage@wine@waxy@sweet@fruity@green
10402,Citronellic acid,smoky@fatty@floral@grassy@green
5367706,cis-3-Hexenyl benzoate,fresh@floral@fatty@balsam@leaf@orchid@green
529481,"3-methylnonane-2,4-dione",caramel@burnt@straw@fruit@fruity
17691,3-Methyl-2-Cyclopenten-1-One,fatty@sweet@fruity
6435914,4-methyl-2-phenylpent-2-enal,
5352162,Neryl butyrate,apple@orange@rose@waxy@oily@fatty@fruit@sweet@fruity@tropical@leaf@raspberry@green
24834,4-Ethoxybenzaldehyde,floral@anisic@sweet@spicy
7583,Diphenyl oxide,geranium@phenolic@green@leaf
5352543,cis-3-Hexenyl hexanoate,pineapple@prune@waxy@winey@fruit@fruity@tropical@pear@grassy@green
35821,Dihydro-alpha-ionone,
5281929,Methyl jasmonate,
9016,"1,4-Dimethoxybenzene",sweet@fennel@bitter@green@new mown hay
5370101,"6-Methylhepta-3,5-dien-2-one",
16217806,Vitamin U,potato@tomato@sulfury@malty@green
13204,delta-Hexalactone,sweet@herbal
5363140,5-Methyl-3-Hexen-2-One,sweet@berry@cheese
5352626,Jasmine lactone,
7731,4-Methylanisole,powdery@cresol@naphthyl@camphoraceous@nutty@ylang@cedar
33637,2-Methylanisole,warm@floral@earthy@sweet@nutty@flower@walnut
13357,Methyl 2-methylbutyrate,apple@tutti frutti@fatty@sweet@fruity@green
309,Aconitic Acid,musty@nutty@very mild
6274,L-histidine,odorless@bitter
7704,104-50-7,coconut@waxy@fatty@sweet@creamy@dairy@tonka
6341,Ethanamine,ammonia@fishy
876,Dl-Methionine,acidic@sulfurous@mild
10748,7-Methoxycoumarin,balsam@sweet@balsamic@tonka
24261,Silica,odorless
8021,Diethylamine,ammoniacal@fishy
62897,Isopropenylpyrazine,nutty@caramellic@chocolate@roasted
5362696,"2,4-Decadien-1-ol",fatty@citrus@melon@waxy
34134,"2,6-Nonadien-1-ol",vegetable@green@cucumber
27458,"2,3-Diethylpyrazine",raw@hazelnut@pepper@nutty@green
743,Glutaric Acid,odorless
61808,2-Isopropyl-4-methylthiazole,nut@rooty@vegetable@earthy@fruit@tropical@green
5281515,Beta-Caryophyllene,spice@clove@sweet@woody@wood@dry
69320,2-Propylpyridine,tobacco@roasted@fatty@nutty@green
16800,2-Pentylpyridine,tallow@pepper@fat@herbal@fatty@mushroom@green
15094,"7-methyl-4-methylidene-1-propan-2-yl-2,3,4a,5,6,8a-hexahydro-1H-naphthalene",spice@herbal@woody@wood@herb
6428555,"(2Z,4E)-nona-2,4-dienal",wax@fat@fishy@fatty@leaf@nutty@violet@green
22311,Dipentene,lemon@citrus@orange@herbal@woody@terpene@citric@camphor
14328,"3',4'-Dimethoxyacetophenone",floral@sweet@woody
1030,"1,2-propanediol",alcoholic@very slight@odorless
3648225,STK737742,vanilla@bitter@very mild
6436017,1-Popc,bland
7714,Gamma-undecalactone,peach@coconut@lactonic@apricot@fatty@creamy@fruity@ketonic
61206,Farnesylacetone,floral@creamy@wine@fruity
6276,1-Pentanol,oil@balsamic@vanilla@fusel@sweet@balsam
931,naphthalene,dry@pungent@tarry@tar
1550884,Hexyl cinnamic aldehyde,jasmin@herbal@fresh@waxy@floral@green
5283361,trans-2-Dodecenal,citrus@orange@fat@herbal@waxy@mandarin@sweet@fruity@aldehydic@metallic@green
444212,trans-Aconitic acid,nut@toasted@vegetable@musty@dry
442355,AC1L9CNW,wood@woody@spice
12741,2-Decanone,floral@orange@peach@fatty
5280666,Chrysoeriol,bitter
25310,L-Rhamnose,odorless@sweet
11583,2-Hexanone,ethereal@ether
10408,"6,10,14-Trimethylpentadecan-2-one",jasmin@herbal@fat@oily@woody@celery
1213,"4a(2H)-Naphthol, octahydro-4,8a-dimethyl-",soil@beet@fresh@earthy@musty@earth
442501,(+)-alpha-Terpineol,oil@mint@citrus@lilac@floral@woody@anise@terpene@pine
2758,Eucalyptol,mint@pepper@herbal@eucalyptus@sweet@camphor
12297,2-Hexanol,chemical@winey
11265,2-Methyl-3-Pentanone,mint
5284656,(Z)-Ethyl cinnamate,spicy@berry@powdery@sweet@plum@honey@balsam@fruity@flower@cinnamon
6363,Isopropylamine,ammoniacal@fishy
4114,methoxsalen,bitter
12306047,alpha-Muurolene,wood@woody
4947,propyl gallate,bland@bitter
1713001,Nerylacetone,magnolia@citrus@wine_like@rose@vegetable@fresh@waxy@fatty@floral@earthy@woody@fruity@tropical@herbaceous@nutty@meaty@spicy@green
7247,"1,2,4-Trimethylbenzene",plastic
5962,L-lysine,odorless
20928,1-Hexen-3-Ol,ethereal@rum@green
10586,Bisabolol,peppery@spice@mild@floral@flower
5317319,beta-cis-farnesene,wood@citrus@sweet@woody
289151,Longifolene,rose@medical@fir needle@sweet@woody
25311,Tridecanal,grapefruit peel@citrus@must@fresh@waxy@sweet@clean@aldehydic@soapy@flower@petal
2214,Acetovanillone,vanilla@sweet@vanillin@faint
10364,Carvacrol,woody@thymol@spice@camphor
61177,Hexyl formate,unripe plum@apple@sweet@banana
526853,"1-(3,4-dihydro-2H-1,4-thiazin-5-yl)ethanone",nutty@roasted@cooked
6428990,2-propionyl-2-thiazoline,cooked@nutty@roasted@meaty
529251,2-propionyl-1-pyrroline,roast@roasted@fishy
169110,2-Acetyl-2-thiazoline,roast@taco@potato@toasted@bread@nutty@popcorn@corn@chip
16846,Propyl Benzoate,nutty@balsam
1616260,23726-92-3,
61204,delta-Undecalactone,peach@coconut@waxy@fatty@creamy@fruity
5362814,cis-4-Heptenal,cream@biscuit@milky@oily@fatty@creamy@dairy@green
118855872,"Glycerides, palm-oil mono- and di-, hydrogenated, 3-oxooctanoates",
92043681,"Glycerides, palm-oil mono- and di-, hydrogenated, 3-oxododecanoates",
641248,4-Hexen-1-Ol,vegetable@herbal@tomato@musty@pungent@metallic@green
12844,Delta-Dodecalactone,peach@butter@coconut@fresh@oily@fruit@sweet@creamy@metallic@buttery@cheese
7519,Anisole,butter@ethereal@alcohol@gasoline@anise@cheese@phenolic
5283345,trans-2-Decenal,orange@coriander@rose@tallow@waxy@oily@fatty@earthy@floral@aldehydic@mushroom@green
61235,3-Nonanone,jasmin@herbal@fresh@sweet@fruity@leaf@spicy
520296,delta-Tetradecalactone,oil@milky@waxy@fatty@creamy@sweet@dairy
13576,3-Decanone,citrus@orange@waxy@floral@fruity@green
560255,Ethyl 3-methylpentanoate,fruity@pineapple
90246,S-Methyl 3-methylbutanethioate,fermented@tomato@sulfury@sharp@ripe@acrid@mushroom@cheese
21108,8-Nonen-2-one,fruity@baked
7353,Butyl isobutyrate,apple@banana@sweet@fruity@tropical@green
521869,S-Methyl propanethioate,dairy@sulfurous@milky@alliaceous
62444,S-Methyl thiobutyrate,cabbage@putrid@garlic@sulfury@animal@cheese
6322,L-arginine,faint
7981,Butyl Isovalerate,peach@apple@pineapple@fruit@sweet@pear@green
93236,"2,3,5-Trithiahexane",strong@onion@sulfurous
16832,Isopropyl Hexanoate,berry@pineapple@fresh@logenberry@fruity
62089,4-Methyloctanoic acid,waxy@fatty@musty@creamy@dairy@mossy@milk@plastic
7983,Butyl butyrate,peach@apple@berry@pineapple@banana@sweet@fruity@pear
9025,"1,3-Dimethoxybenzene",hazelnut@coconut@acid@neroli@nutmeg@fruity
15380,Bis(methylthio)methane,sulfur@sulfurous@garlic@green@horseradish@mushroom@spicy@cheese
81221,"2,4-Dimethylanisole",herbal@spicy
8012,1-Butanethiol,garlic@onion@egg@sulfury@coffee
11176,Propyl Isovalerate,sweet@bitter@apple@fruity
11529,Butyl propionate,rose@banana@earthy@weak@sweet
12571,Propyl Isobutyrate,berry@ripe@sweet@melon@tropical@fruity
61202,1-Phenyl-2-pentanol,earthy@sweet@green@mild
61840,4-Ethyloctanoic acid,
62003,4-Methylnonanoic acid,
88454,Hexyl propionate,musty@fruit@fruity@melon@pear@rotting@green
247573,Isobornyl acetate,herbal@sweet@woody@balsam@camphor
473,4-Methylthio-2-oxobutanoic acid,
1182,DL-Valine,odorless
5352428,(Z)-4-Hydroxy-6-dodecenoic acid lactone,peach@waxy@fatty@sweet@creamy@fruity@dairy
544628,"5,6-dimethyloxan-2-one",minty@fruity
1123,taurine,bland@bitter
5283356,2-Undecenal,citrus@soap@orange peel@fat@fresh@sweet@fruity@green
5971,Allyl Isothiocyanate,mustard@pungent@garlic@sulfur@strong@bitter
8405,Isoquinoline,herbal@benzaldehyde@sweet@anise@balsam
107689,L-Lactic acid,acidic@odorless
6430188,(Z)-8-Tetradecenal,
5634,10-Undecenoic Acid,sweet@woody
5363231,7-Methyloct-3-en-2-one,floral@fruity
61270,.alpha.-Campholenyl acetate,jammy@ionone@sweet@woody@raspberry
61130,Myrtenal,lime@spice@jam@pepper@sweet@tonka@terpene@camphor@spicy@cinnamon
61262,Myrtenyl acetate,
61126,Verbenol,pine@fresh@ozone
65289,"4-Acetyl-1,4-dimethyl-1-cyclohexene",fruity
79023,Diosphenol,leaves@minty@buchu@blackcurrant
61982,p-Mentha-8-thiol-3-one,peach@berry@sulfury@buchu@fruity@tropical@minty@green
61362,d-Piperitone,minty@peppermint
94579,Isopulegol acetate,mint@peppermint@sweet@woody@tropical@leaf
21116845,UNII-3QMX06VZ0C,
329983,Menthofuran,musty@earthy@coffee@pungent@nutty
11567,3-Methylcyclohexanone,camphoraceous@minty@medicinal@camphor
381152,Piperitenone,minty@sharp@phenolic
527144,P-Menth-1-en-9-yl acetate,spicy@warm@herbal@fruit@fruity@herb
102024,cis-Carvyl acetate,
111037,Alpha-Terpinyl Acetate,citrus@lime@wax@herbal@sweet@bergamot@lavender@pine
7127,Methyleugenol,coconut@sweet@balsam@mesquite@clove@peach@anise@musty@creamy@carnation@bitter@oily@spicy@chocolate@warm@raspberry@spice@apricot@vanilla@banana@cinnamon@fresh@plum
5144,safrole,spice@warm@floral@sassafrass@sweet@woody@anise@spicy
11230,Terpinen-4-ol,must@pepper@turpentine@musty@woody@sweet@nutmeg@earth
7463,P-Cymene,solvent@citrus@spice@gasoline@fresh@woody@terpene
21265,Prenyl benzoate,chocolate@fruity@balsam@tea@ylang
1201521,D-Fenchone,
6427105,(-)-Isopinocamphone,spicy
26049,3-Carene,lemon@citrus@sweet@resin
18818,Sabinene,citrus@spice@pepper@turpentine@woody@terpene@wood@pine
7478,4-Methoxybenzoic Acid,putrid@sweet@faint@cadaverous
519361,"(5xi,7xi,10xi)-eudesma-4(14),11-diene",herbal@herb
522266,Spathulenol,herbal@earthy@fruit@fruity@herb
93081,beta-Cubebene,fruity@citrus@fruit
5352437,(E)-gamma-Bisabolene,citrus@myrrh@opoponax@balsam@spicy
61135,2-methylpropyl but-2-enoate,
6448,Bornyl Acetate,cedar@balsamic@spice@herbal@fresh@sweet@woody@pine needle@pine@camphor
442343,Levomenol,coconut@nutty@fruity@herb
86609,.alpha.-Cubebene,wax@herbal@waxy@herb
5322111,Caryophyllene,wood@woody@spicy
6508206,6753-98-6,wood@woody
12306048,alpha-Cadinene,woody@dry
403919,CHEBI:49249,balsamic
5364789,Butyl angelate,rose@wine@fruity@spicy
6616,Camphene,fir needle@woody@herbal@camphor
5281516,alpha-Farnesene,citrus@lime@neroli@herbal@myrrh@sweet@bergamot@wood@lavender@green
64685,Borneol,woody@pine@camphor
10819,Perilla alcohol,fatty@terpineol@linalool@green
5366155,Isoamyl angelate,floral@chamomile@fruity
1742211,Caryophyllene oxide,spicy@spice@fresh@sweet@woody@herb@dry
324224,.beta.-Bourbonene,woody@herbal@herb
125468,Tiglic Acid,caramel@sweet@woody@spicy@dry
5367807,Angelic Acid Isobutyl Ester,cooling@herbal@caraway@woody@sweet@celery@spicy@green
66654,Xanthoxylin,camphor@borneol
261491,alpha-Thujone,cedarleaf@bitter
17129,2-METHYLBUTYL 2-METHYLBUTYRATE,apple@berry@waxy@ester@sweet@fruity@green
8835,Citronellyl butyrate,rose@waxy@floral@fruit@sweet@fruity@tropical@geranium@green
60985,Citronellyl isobutyrate,rose@floral@fruit@sweet@fruity@tropical@geranium
7794,Citronellal,lemon@citrus@rose@fat@herbal@waxy@floral@sweet@aldehydic@cherry@dry
81263,Rhodinol,
5281553,Ocimene,citrus@herbal@sweet@woody@tropical@terpene@herb@green
11463,Terpinolene,citrus@fresh@sweet@woody@pine@plastic
5355856,Geranyl butyrate,
7461,Gamma-Terpinene,lemon@gasoline@tropical@terpene@turpentine@herbal@woody@bitter@oily@lime
7439,Carvone,mint@licorice@fennel@basil@minty
14104,Thymol methyl ether,smoky@woody@burnt
5362830,Geranyl isovalerate,bitter
556998,"p-Menthane-3,8-diol",minty@eucalyptus@herbal
578423,alpha-Terpinyl butyrate,sour@fruity@balsam@rosemary
7438,Carveol,caraway@minty@spearmint@fresh
10282,Piperitol,herbal@herb
10873,(Ethoxymethyl)benzene,pineapple@powerful@fruity
5367752,84254-89-7,
5365850,Geranyl valerate,
5367785,Geranyl tiglate,geranium@sweet@herbal@fruity
61093,Rhodinyl butyrate,berry@red rose@tropical@fruity@geranium
7778,Citronellyl formate,peach@apricot@rose@plum@honey@bergamot@cucumber
5362579,UNII-842I7XQG7D,
61092,Rhodinyl formate,leaf@geranium@green@floral@bitter@rose dried
62350,p-Menthan-2-ol,
9855795,Valencene,
1268142,Nootkatone,
5364578,3-Hepten-2-One,caraway@grassy@green
46779070,S-Methyl 4-methylpentanethioate,
5355853,Geranyl propionate,bitter
61096,Octyl propionate,jammy@floral@sweet@fruity@mushroom@raspberry@green
440917,D-Limonene,mint@lemon@citrus@orange@fresh@sweet
5365982,Neryl propionate,berry@jammy@rose@fresh@waxy@floral@bitter@fruity@tropical@green
5366844,Methyl 3-nonenoate,
5364532,Methyl oct-2-enoate,pear skin@fruity
6826,Methyl 2-(methylamino)benzoate,orange@powdery@neroli@wine@grape@musty@sweet@fruity@blossom@phenolic
12389,Tetradecane,alkane@waxy@mild
84532,Isopinocamphone,camphoreous@cedar
91354,Aromadendrene,wood@woody
8222,Eicosane,alkane@waxy
17868,3-Thujene,wood@woody@herb@green
440967,(-)-beta-Pinene,resinous@fresh@green@hay@woody@pine@dry
159055,D-Camphor,phenolic@minty@camphor@medicinal@herbal@woody@bitter
11038,Pinocamphone,
92780,Crypton,spice@herbal@caraway@woody@cumin
160799,Cedrelanol,earthy@odorless@balsam
6918391,Beta-Elemene,wax@herbal@fresh@waxy@herb
5356544,Peruviol,wax@floral@mild
5320250,(Z)-Beta-Ocimene,citrus@warm@herb@floral@sweet@flower
92138,Elemol,sweet@wood@woody@green
21159022,CID 21159022,wood@woody@green
121719,Pinocarvone,minty
11142,Beta-Phellandrene,mint@terpentine
8815,Estragole,licorice@spice@vanilla@alcohol@herbal@fennel@sassafrass@sweet@anise@minty@green
92116,"(4R,4aR)-1,1,4,7-tetramethyl-1a,2,3,4,4a,5,6,7b-octahydrocyclopropa[e]azulene",balsam@wood@balsamic
6432404,(+)-gamma-cadinene,wood
27209,"4,4,7a-Trimethyl-5,6,7,7a-tetrahydrobenzofuran-2(4H)-one",red fruit@coumarin@woody@musk@ripe apricot
101750,p-Camphorene,solvent@low@diterpene
443158,(-)-Linalool,fresh@floral@woody@natural@lavender@deep
20745,6-Methylhept-5-en-2-ol,oily@coriander@sweet@green
61435,Linalyl octanoate,herbal@dry@sweet@fruity@natural@green
61016,"2,6-Dimethyl-5-heptenal",lemon@peach@cantaloupe@clean@ozone@vegetable@fatty@earthy@woody@melon@nutty@wine_like@meaty@spicy@citrus@fruit@herbaceous@green@cucumber@fresh air@floral@watermelon@sweet@fruity@grapefruit
61780,Perillyl acetate,herbal@spicy
27892,1-Octen-3-yl butyrate,butter@animal@fishy@fruity@mushroom
8205,Dodecyl Acetate,waxy@fresh@sweet@clean@laundered cloths
61098,Linalyl propionate,rose@fresh@woody@lily@rum@bergamot
7792,"3,7-Dimethyl-1-octanol",waxy@citrus@aldehydic@musty@green@soapy@bitter@leathery
5352438,16491-36-4,apple@wine@fresh@fruity@metallic@buttery@green
6949,Guaiene,guaiacwood@powdery@spice@sweet@woody@wood@spicy@dry
10106,"1,4-Cineole",cooling@spice@green@terpene@minty@pine@camphor
61040,Linalyl formate,coriander@citrus@rose@green@bergamot@herbal@bitter@fruity
643915,Angelic acid,spicy
642376,Butylidenephthalide,lovage@herbal@celery
61361,Butylphthalide,herbal@celery
5373603,3-Propylidenephthalide,
60968,Bornyl Isovalerate,
173843,Sedanenolide,herbal
5354833,cis-2-Nonenal,citrus@fat@waxy@fatty@cucumber@aldehydic@orris@green
5317309,Falcarindiol,bitter
4276,Myristicin,balsamic@spice@warm@woody@balsam
10659,Apiole,parsley@faint
92139,Curcumene,herb
637563,trans-Anethole,licorice@sweet@anise@balsam@mimosa
5281535,beta-Sinensal,
62367,Sabinene hydrate,minty@eucalyptus@terpene@green
8419,"3,4-Dimethoxybenzaldehyde",caramel@vanilla@creamy@sweet@woody@cherry@minty
5362623,Ethyl (Z)hex-3-enoate,apple@pineapple@fresh@sweet@fruity@metallic@pear@green
637776,Methylisoeugenol,bitter
107217,Fenchyl acetate,fir@citrus@herbal@fresh@sweet@pine
17121,1-Octen-3-yl acetate,herbal@fresh@oily@fruity@lavender@green
34645,Isopulegone,herbal@fresh@peppermint
521238,3-Octyl acetate,
30248,Dihydrocarvyl acetate,mint@cuminseed@rose@floral@sweet@minty@medicine@medicinal@camphor
6877,Ethyl 2-aminobenzoate,grape@floral@wintergreen@sweet@blossom@orange blossom
7194,Phenethyl benzoate,soft@rose@floral@honey@balsam
5371002,alpha-Irone,berry@powdery@floral@woody@orris@violet
107166,3738-00-9,ambergris@old paper@sweet@labdanum@dry
929262,Sclareolide,
21648,4-(4-Hydroxyphenyl)-2-butanone,berry@jam@ripe@floral@sweet@raspberry
446925,Lycopene,oriental@balsam
642793,UNII-847O2V0IOA,
100031,4-Isopropenyl-1-methyl-7-oxabicyclo[4.1.0]heptan-2-one,minty@spearmint
3085213,Eugenyl isovalerate,clove@fruity
518472,Bornyl formate,herbal@medical@green@earthy@musty@woody@earth@balsam@pine@camphor
527498,"1(2H)-Naphthalenone, octahydro-7.alpha.-isopropyl-4a.beta.,8a.beta.-dimethyl-, (+)-",
31244,4-Methoxybenzaldehyde,mimosa@hawthorn@cherry@powdery@bitter@vanilla@anise@hawthorne@chocolate@balsam@creamy@minty@berry@sweet@floral@mint@almond@cinnamon
577126,Dehydrodihydroionone,floral
14489,Prenyl acetate,jasmin@banana@fresh@ripe@heliotrope@sweet@fruity@balsam@lavender
637796,Isosafrole,
31353,Linalyl benzoate,broom@gardenia@heather@genet@lily@bergamot@tuberose
32033,"3,5-Dimethyl-1,2,4-Trithiolane",beefy@sulfurous@meaty
18938,"3,5,5-Trimethylhexan-1-ol",floral@earthy@hay@straw@leaf@aldehydic@grassy@weedy@green
5364919,cis-2-Penten-1-ol,rubber@ethereal@green@fruity@plastic
61295,S-Propyl thioacetate,garlic@onion@sulfurous@green
61845,3-(Methylthio)butyraldehyde,potato@buchu@green@musk@chip
57346909,"4H-Pyrrolo[2,1-d]-1,3,5-dithiazine,tetrahydro-2,4-dimethyl-, [2S-(2a,4a,8ab)]- (9CI)",
5365004,trans-2-Undecen-1-ol,floral@rose@waxy
78925,2-(Methylthio)ethanol,sulfurous@meaty
141850,1-Phenylethanethiol,floral@sulfurous@tropical@meaty
524975,"2,6-Dimethoxy-4-propylphenol",phenolic
12578,4'-Isopropylacetophenone,woody@herbal@spicy
7702,4-Propylanisole,licorice@fennel@sassafrass@sweet@anise
20819,Disodium 5'-inosinate,odorless
5362720,cis-6-Nonenal,cantaloupe@waxy@green@melon@cucumber
444972,fumaric acid,sour@odorless
5362792,cis-6-Nonen-1-ol,honeydew@cantaloupe@waxy@fresh@cucumber@melon@clean@green
181128,Saupirin,bitter
99967,Grosheimin,bitter
85704,Naringen,bland
13026600,Ethyl 2-Hydroxy-3-Methylvalerate,berry@fruity
162458,Methyl N-formylanthranilate,fruity@grape
5362819,methyl (Z)-3-hexenoate,floral@fruity
17623,Methyl 2-Acetamidobenzoate,powdery@fruity@strawberry@very mild
637195,Phytyl acetate,
92043553,Jasmine Oil,
5352973,(E)-2-Hexenyl hexanoate,herbal@waxy@clean@natural@cognac@green
62321,Linalyl butyrate,berry@banana@sweet@fruity@bergamot@pear
3033866,Bisabolene,
78484,1-Methoxyhexane,painty@herbal@sweet@fruity@lavender
6532,Linalyl isobutyrate,light@woody@fruity@bergamot@lavender
84825,rosefuran,mint@minty@caramel@green
5780,D-Sorbitol,sweet@caramel@odorless
5367412,"1,3,5-Undecatriene",
11543,2-Methyl-2-Pentanol,pungent
12294,Butyl hexanoate,berry@pineapple@wine@fruit@fruity
21596,Butyl Heptanoate,apple@herbal@cut grass@fruity@marigold
10890,Pentyl Butyrate,pineapple@banana@sweet@fruity@tropical@cherry
12401,Nonadecane,alkane@bland
5352837,cis-5-Octen-1-ol,watermelon@melon@fresh@watery
12278,2-Pentyl Acetate,herbal@tropical
6568,2-Butanol,oily@sweet@wine@apricot
12348,Amyl acetate,ethereal@fruity@banana
78199,Ethyl (methylthio)acetate,citrus@apricot@wine_like@vegetable@fatty@floral@earthy@woody@fruity@herbaceous@nutty@meaty@spicy@green
11039,Methyl Isobutyrate,apple@pineapple@floral@fruity@flower
13654,Isopropyl Benzoate,balsamic@floral@fruit@sweet@fruity
5352770,Ethyl cis-4-octenoate,
24433,Butyl Anthranilate,berry@powdery@wine@grape@floral@sweet@plum@fruity@petitgrain
7991,Valeric acid,sweat@putrid@sweaty@acidic@animal@rancid@sickening
61812,Butyl 2-methylbutyrate,chocolate@fruit@cocoa@fruity@green
8060,Amylamine,ammoniacal@fishy
6405,2-Methyl-2-Butanol,pungent
31278,Butyl Stearate,fatty@oily@mild
440936,arbutin,bitter
7664,103-61-7,
62592,Heptyl butyrate,chamomile@floral@sweet@tropical@fruity@clean@tea@green
519382,Dihydro-beta-ionone,amber@mahogany@earthy@woody@orris@dry
62341,1-Phenylethyl acetate,bitter@rhubarb@gardenia@musty@floral@green@sweet@herbal@leafy@fruity
12344,5-Methylhexanoic Acid,fatty@oily@fruity@cheese
5363269,Ethyl oleate,
61024,Octyl isobutyrate,waxy@oily@creamy@clean@fruity@soapy@green
228769,Octyl isovalerate,warm@mild@rose@floral@honey
5365992,Geranyl caproate,
5364519,cis-3-Octen-1-ol,powerful@fresh@fatty@melon@fruity
5463875,"2-Octen-1-ol, acetate",
43263,2-Pentyl butyrate,apricot@herbal@banana@cashew@sweet@fruity
5319706,Methyl Linolenate,
30771,2-Cyclohexylethyl acetate,mint@rose@green@plant@raspberry@plastic
44229138,(RS)-norcoclaurinium,milky@sweet@fruity
7651,Benzyl isovalerate,apple@pineapple@herbal@sweet@fruity
14778,Calcium Oxide,odorless
12398,Heptadecane,alkane
219794,5-Hydroxyoctan-4-one,nut@buttery@sweet@pungent
12534,Tricosane,alkane@waxy
12403,Heneicosane,alkane@waxy
11635,Octadecane,alkane
7695,4-Methoxybenzyl acetate,powdery@coumarin@vanilla@creamy@plum@sweet@balsam@fruity@cherry@almond@tonka
61054,4-Methoxybenzyl formate,vanilla@anisic@floral@fruity@seaweed
526195,4-Methoxy-2-methyl-2-butanethiol,black currant@sulfurous@blackcurrant@cat@catty@tropical@minty
5463936,1-Ethoxy-3-methyl-2-butene,grassy@fruity@green
54670067,l-ascorbic acid,
6988,Pulegone,lime@herbal@buchu@fresh@peppermint@minty@camphor
8257,2-Methyl-3-Buten-2-Ol,oily@earthy@herbal@herb
5281670,morin,bitter
8821,Ethyl Acrylate,harsh@acrylate@fruity@plastic
85522,Methyl (methylthio)acetate,roasted@nut@potato@fruity@tropical@cooked potato@roasted nut@cooked
22383,Dipropyl trisulfide,sulfurous@garlic@onion@tropical@green
522111,Butyl ethyl disulfide,garlic@onion@sulfurous@cooked
35349,Ethyl Propyl Disulfide,garlic@onion@sulfurous@green
5281163,Ethyl tiglate,caramel@berry@tutti frutti@floral@sweet@fruity@tropical@raspberry
53425122,1-(Ethyltrisulfanyl)propane,garlic@onion@alliaceous@green
80046,Diisopropyl trisulfide,garlic@sulfury
65290,"3-Methyl-1,2,4-trithiane",
77151,Ethyl trisulfide,garlic@onion@sulfurous
6432254,Linalool A oxide,floral@flower
6433750,"(5E)-3,5-dimethylocta-1,5,7-trien-3-ol",fennel@sweet@ginger@tropical@myrcene@hyacinth@ocimene
6428573,CHEBI:88903,floral@earthy@sweet@woody@flower
6558,Isobutylamine,cheesy@fishy
10680,Flavone,bitter
22310,Epoxylinalool,musty@alcohol@fenchyl@camphor
82336,Methyl 2-(dimethylamino)benzoate,orange@fruity@leaf
1550846,Cinnamonitrile,nitrile@cassia@deep@cumin@cinnamon
5315912,(Z)-Cinnamyl acetate,floral@sweet@balsam@spicy@cinnamon
7852,Propylamine,ammoniacal
5370052,3-Oxo-alpha-ionol,spicy@spice
7643,Methyl 3-phenylpropionate,wine@floral@fruity@honey@balsam
5280462,Vomifoliol,fruity
7410,Acetophenone,mimosa@hawthorn@sweet@acacia@almond@pungent@hawthorne@chemical@flower@bitter@must
5373729,beta-Ionol,herbal@floral@sweet@woody@tropical@balsam@violet
522214,Isopropyl 2-methylbutyrate,pineapple@ethereal@oily@sweet@fruity@tropical@green
6450832,Vitispirane,floral@earthy@woody@fruity
6428458,Methyl cis-cinnamate,strawberry@sweet@balsam@cherry@cinnamon
5366352,Acetaldehyde ethyl cis-3-hexenyl acetal,
4564493,19322-27-1,bready@caramel@cotton@sweet@sugar@candy
1140,toluene,paint@sweet
62424,2-Pentanethiol,gassy@sulfury
11251,3-Methyl-2-Butanone,camphor
5352539,41519-23-7,apple@cut grass@fruity@pear@cut privet@green
11126,2-Methylthiophene,sulfur@sulfurous@roasted@onion@alliaceous@green
61052,3-Phenylpropyl propionate,floral@mimosa@hyacinth@balsam
196,adipic acid,odorless
89316,"Cyclohexene, 4-ethenyl-4-methyl-3-(1-methylethenyl)-1-(1-methylethyl)-, (3R-trans)-",wood@woody
356,octane,alkane@gasoline
6213,Dimethyl sulfone,sulfur@burnt@sulfurous
12305247,CID 12305247,wood
5362782,"3-Hexenoic acid, methyl ester",earthy@sweet@slightly fruity
65413,3-(Methylthio)-1-hexanol,leafy@sulfurous@pepper@vegetable@melon@metallic@green
311,citric acid,odorless
142266,Benzyl 3-oxobutanoate,benzyl acetate@floral@sweet@fruity@benzyl propionate
19089,(2-Methoxyethyl)benzene,chrysanthemum@jasmin@rose@floral@metallic@green
5282110,Cinnamyl acetate,
6432005,gamma-Eudesmol,wax@sweet@waxy
31211,Vanillylacetone,vanilla@clove@animal@sweet@ginger@woody@spicy@phenolic
5352481,"5,6-Epoxy-beta-ionone",berry@powdery@fruit@sweet@woody@fruity@wood@orris@violet
42011,"3,6-Nonadien-1-ol",
1711944,UNII-3KCT4WMT7E,ether@flower
6434541,"(Z,z)-3,6-nonadien-1-ol",honeydew@green@waxy@oily@sweet@melon@cucumber
5353545,MLS002702988,bitter
529253,Acetoyl butyrate,butter@berry@acetic@dried berry@creamy@fruity@cheese
12391,Pentadecane,alkane@waxy
11006,Hexadecane,alkane
5353547,Cucurbitacine E,bitter
31219,Benzyl Propionate,apple@berry@jasmine@jam@jasmin@banana@strawberry@floral@sweet@fruity@balsam
5364631,cis-3-Nonen-1-ol,waxy@fresh@tropical@mushroom@melon rind@green
5362833,"trans,cis-2,6-Nonadien-1-ol",leafy@oily@cucumber@violet@green
641256,"2,4-Hexadien-1-Ol",herbal@musty@sweet@nutty@almond@green
145659,Sinensetin,bitter
5281680,Quercetagetin,bitter
235284,MLS002607979,bitter
326240,Nomilin,bitter
288227,Valencen,oil@citrus@orange@asprin@grapefruit@fresh@oily@dry@sweet@woody@green
5281534,Alpha-Sinensal,mandarin@citrus@orange
20797,4674-50-4,grapefruit peel@citrus@gardenia@woody@grapefruit
72344,Nobiletin,bitter
4453,"1-(4-{[4,5-dihydroxy-6-(hydroxymethyl)-3-[(3,4,5-trihydroxy-6-methyloxan-2-yl)oxy]oxan-2-yl]oxy}-2,6-dihydroxyphenyl)-3-(3-hydroxy-4-methoxyphenyl)propan-1-one",bland@sweet-like
5281607,chrysin,bitter
5354882,Neryl formate,rose@herbal@fruity@geranium@tea@green
11744854,Sabinene hydrate,balsam@balsamic
5281697,Scutellarein,bitter
6428986,trans-.alpha.-bergaptene,wood@tea@woody@warm
3819217,489-53-2,bitter
176,acetic acid,sour@pungent@sharp@vinegar
589365,Nonyl octanoate,rose@floral@sweet@mushroom@cognac
11168,Methyl Thiocyanate,sulfur
12405,Docosane,alkane@waxy
5364409,Methyl 2-Hexenoate,pineapple@fatty@earthy@fruity@green
5541,triacetin,tropical@mild@bitter@fruity@clean
12388,Tridecane,alkane
2346,benzyl isothiocyanate,watercress@mild@oily@horseradish@dusty@medicinal
8698,Butyl Benzoate,balsamic@amber@mild@fruity@balsam
7237,O-Xylene,geranium
8182,Dodecane,alkane
31210,Butyl phenylacetate,rose@chocolate@honey
16330,Butyl salicylate,harsh@clover@ethyl benzoate
519845,Methyl 3-hydroxyhexanoate,pineapple@ripe@oily@sweet@woody@fruity@juicy
5281404,Harmane,bitter
21159448,UNII-VD2YQW659E,
5365027,cis-2-Nonen-1-ol,slightly waxy@sweet@melon
101010,"2-Methyl-4-propyl-1,3-oxathiane",pineapple@tropica@tropical@galbanum@green
23367,Benzyl Hexanoate,apricot@gardenia@jasmin@fruity@green
243783,Cyclohexyl butyrate,fruity@apple@pineapple
537754,3-Mercaptohexyl butyrate,sulfurous@overripe fruit@fruity@tropical@passion fruit
518810,3-Mercaptohexyl acetate,box tree@floral@tropical@fruity@passion fruit@pear
15824502,UNII-27Y1FYY1BV,fruity
62013,3-(Methylthio)hexyl acetate,vegetable@sulfury@tropical@spicy@green
5352774,Methyl (Z)-oct-4-enoate,
33960,6-Pentyl-2H-pyran-2-one,coconut@lactonic@almond@waxy@fatty@creamy@mushroom@tonka
78879,3-Methyl-3-butenyl acetate,fruity
92794,Prunin,bitter
5365706,"3,6-Nonadien-1-ol, (E,Z)-",
17008,Methyl 4-methylvalerate,
5366856,"4-Octenoic acid, methyl ester",pineapple@fresh
31266,Allyl hexanoate,pineapple@ethereal@arrack@fatty@sweet@rum@fruity@tropical@cognac
263620,ethyl 3-acetoxy-2-methylbutanoate,fruity
65425,Methyl 4-(methylthio)butyrate,cabbage@pineapple@sulfury@fruity@cheese
7943,Dimethyl malonate,fruity
6420258,Ethyl 5-hexenoate,pineapple@fruity
11593,Acetoxyacetone,buttery@fruity
68148,Chavicol,phenol@medicine@medicinal@phenolic
5323650,Methyl sorbate,pungent@fruity@licorice
526152,Methyl 5-acetoxyhexanoate,fruity
12044,Isopropyl Isobutyrate,citrus@pineapple@sweet@fruity@pear
5281804,Prunetin,bitter
579336,Dihydro-beta-ionol,floral@woody@amber
250096,Benzyl tiglate,earthy@mushroom@balsamic@rose
62908,Methyl 2-hydroxy-4-methylpentanoate,musty@sweet@fruity
6435861,Hexyl (E)-2-hexenoate,fatty@fruity@green
517827,103-95-7,cyclamen@fresh@floral@musty@rhubarb@green
7820,Dimethyl Succinate,floral@sweet@fruity@green
5363741,gamma-Ionone,floral@woody
7304,1-Methyl-1H-pyrrole,smoky@powerful@herbal@woody
6987,Piperitone,mint@herbal@fresh@fruit@sweet@minty@medicinal@camphor
86753,p-Menth-1-en-9-ol,fruit@herbal@fruity@herb
62901,Octyl 2-furoate,tallow@waxy@oily@earthy@creamy@mushroom
638500,Farnesyl acetate,oil@wax@rose@floral@oily@green
23676745,Potassium Sorbate,odorless
6431015,Cedr-8-ene,sweet@woody@fresh@cedar
31231,4-Methoxyphenylacetone,anisic@sweet@fruity@balsam@spicy
660,dihydrocoumarin,coconut@tobacco@coumarin@herbal@creamy@sweet@cinnamon@almond@tonka
87793,2-Hexylthiophene,floral@gassy@fruity@meaty@green
8363,Benzyl Salicylate,herbal@oily@sweet@clean@balsam
62384,"2,2,4-Trimethyl-1,3-dioxolane",raw@potato@vegetable@earthy@green
5365909,2-Methyl-2-Pentenoic Acid,
6435866,2-Methyl-3-pentenoic acid,hazelnut@cranberry
520455,Octyl 2-methylbutyrate,musty@fruity@waxy@green
61334,4166-20-5,brown@molasses@caramel@toffee@bread@sweet@sugar@fruity@tropical@baked
62328,Terpinyl propionate,citrus@geranium@tropical@old wood@green@herbal@bitter
6427135,p-Menthene-8-thiol,resinous@sulfury@aromatic@woody@naphthyl@grapefruit
5352830,4-DECENYL ACETATE (Z),oily@rose@floral@spicy
778574,Isobutyl cinnamate,
89306,2-Bornyl propionate,turpentine@fruit@woody@pungent@lavender@pine@camphor
8863,Hydroxycitronellal dimethyl acetal,lily@rose acetate@waxy@green
61031,2-Methylundecanal,citrus@tuberose@amber@moss@fresh@waxy@coumarinic@aldehydic@metallic
17697,Pentadecanal,waxy@fresh
61781,Limonen-10-yl acetate,minty@sweet@fruity@mild
6430738,"cis-limonene 1,2 oxide",citrus@fresh
10856614,Alpha-Selinene,amber
6428089,Methyl dl-jasmonate,jasmine
449290,(+)-trans-Limonene oxide,green
3879,lanatoside C,fatty@metallic
86597,alpha-Bisabolene,spicy@balsamic
6436627,Ocimen quintoxide,citrus@herbal@sweet@woody@celery@minty@spicy@green
6370843,"(1Z,4Z)-germacrene B",spice@earthy@woody@earth@wood@spicy
14257,Undecane,alkane
8141,Nonane,alkane@gasoline
521334,gamma-Selinene,wood@woody
330573,(-)-cis-Carveol,caraway@spearmint
519764,.beta.-Sesquiphellandrene,wood@woody@herbal@fruity
7738,4-Methoxybenzyl Alcohol,caramel@chocolate@powdery@vanilla@rose@lilac@floral@sweet@honey@hawthorn@hyacinth@flower
125,4-hydroxybenzyl alcohol,coconut@bitter@sweet@fruity@almond
17029,"9-Octadecenal, (9E)-",
20748,Methyl cyclohexanecarboxylate,berry@pineapple@fruit@ester@estery@fruity@milk
67521,"1,2,3,5,6-Pentathiepane",mushroom
79828,"Tetrasulfide, dimethyl",sulfur@garlic@cabbage@meaty
11002,Dibutyl sulfide,rose@herbal@violet-leaf@geranium@grassy@green
57501028,2-[(Methylthio)methyl]-2-butenal,burnt@cabbage@roasted@onion@matches@cooked
521873,"2-Furanmethanethiol, 5-methyl-",sulfur@roast@sulfurous@roasted@coffee
61134,Benzyl butyl ether,floral@rose
97730,2-Nonenoic acid,fatty
7146,2-Phenylpropanal,lilac@sharp@fresh@floral@leaf@hyacinth@green
162293,"2,4-Dimethyl-5-ethylthiazole",roasted@earthy@earth@nutty@meaty
20995,2-Pentylthiophene,fatty@fruit@sweet@fruity@cranberry
138818,Methanedithiol,pungent
14109402,Ganoderic acid A,bitter
21712,5550-12-9,
85053,2-Ethylthiazole,nutty@green
8058,Hexane,alkane
235414,Oxacyclohexadecan-2-one,powdery@musky@animal@musk@fruity@natural
29025,Verbenone,
12304610,UNII-193IW486Z8,
519662,l-.alpha.-Cadinol,wood@herb
28930,alpha-Fenchene,camphor
5281617,Genkwanin,bitter
7966,Cyclohexanol,phenol@menthol@camphor
641294,4-Methoxycinnamaldehyde,vanilla@floral@sweet@cherry@spicy@cinnamon
94164,Santalene,woody
10534,"Bicyclo[2.2.1]heptane, 2-methyl-3-methylene-2-(4-methyl-3-pentenyl)-, (1S-exo)-",woody
641298,2-Methoxycinnamaldehyde,oily@paper@sweet@woody@cassia@cinnamon
10407,(E)-.beta.-Farnesene,citrus@green
1549040,cis-Anethole,anise
10975,Myrcenol,floral@citrus@lavender@fresh
67179,(+)-Linalool,floral@sweet@lavender@petitgrain
15560285,(+)-gamma-Gurjunene,musty
1549045,cis-Methylisoeugenol,bitter@clove@spicy@mild
91457,beta-Eudesmol,wood@green
521380,"Naphthalene, 1,2,4a,5,8,8a-hexahydro-4,7-dimethyl-1-(1-methylethyl)-",woody@green
7967,Cyclohexanone,minty@acetone
107152,"Azulene, 1,2,3,4,5,6,7,8-octahydro-1,4-dimethyl-7-(1-methylethenyl)-, (1S,4S,7R)-",peppery@balsamic@sweet@woody@balsam@wood
1201518,(-)-Borneol,woody@pine@camphor
8187,10-Undecenal,citrus@rose@waxy@mandarin@fatty@aldehydic@soapy
10231,Dillapiole,wood@spice
13561,6-Undecanone,
6430180,(Z)-4-Dodecenal,
5018391,Sedanolide,herbal
162392,9-Decenal,dewy@rose@waxy@floral@aldehydic
62653,tridec-2-enal,
220674,L-Menthyl acetate,mint@orange@rose@herbal@melon@fruity@mango@camphoraceous@tea@raspberry@minty
19244,Neoisomenthol,menthol
5367698,cis-3-Hexenyl phenylacetate,kiwi@rose@waxy@sweet@beany@honey@tropical@pea@green
6432469,Isomenthone,minty
16724,d-Carvone,caraway@bread@spice
61942,Piperitenone oxide,minty@herbal
439250,(-)-Limonene,peppery@herbal@camphoraceous@terpene@pine
439570,(-)-Carvone,mint@herbal@sweet@minty@spearmint
70962,(+)-Isomenthone,minty
107561,(-)-piperitone,minty@pungent@peppermint
443167,(+)-isodihydrocarvone,herbal@herb@warm
586292,Dill ether,dill
7657,Benzyl ether,chocolate@rose@earthy@mushroom@sweet@fruity@cherry@almond@plastic
10248,Elemicin,flower@spice
24473,Dihydrocarvone,warm@powerful@herbal@minty@spearmint
176983,"p-Mentha-1,3,8-triene",woody@herbal@turpentine@camphor
443160,(+)-alpha-phellandrene,dill
638024,piperine,pepper@animal
14525,Fenchone,earthy@cedarleaf@camphor@thuja@herbal@woody@bitter
354616,Gentianine,bitter
16591,Allyl Propyl Disulfide,garlic@onion@alliaceous@green
520895,"3,5-Diethyl-1,2,4-trithiolane",sulfurous
13367,Allyl Mercaptan,sulfurous@roasted@garlic@onion@alliaceous
10722,2-Methylbenzaldehyde,cherry
62434,Allyl Methyl Disulfide,garlic@onion@alliaceous@green
61926,Allyl Methyl Trisulfide,garlic@onion@creamy@alliaceous
57370186,156420-69-8,
12514,"2,5-Dimethylthiophene",nutty@sulfury
98280,2-amino-3-(prop-2-en-1-ylsulfanyl)propanoic acid,roasted@cooked
66282,Allyl methyl sulfide,garlic@onion@alliaceous
68960,Isobutyl isothiocyanate,green
16592,Methyl propyl disulfide,mustard@onion@tomato@radish@sulfury
8118,Propyl sulfide,garlic@onion
5319765,Methyl propyl trisulfide,sulfurous@garlic@onion@metallic@green
7041,"2,6-Dimethoxyphenol",smoke@powdery@balsamic@smoky@bacon@phenol@woody@medicine@phenolic
25916,"3-Ethyl-2,5-dimethylpyrazine",roast@roasted@potato@cocoa@nutty
75552,Diallyl tetrasulfide,strong@garlic@onion
11617,Diallyl Sulfide,sulfurous@garlic@onion@horseradish@metallic
9793905,S-allyl-L-cysteine,
16590,Diallyl Disulfide,garlic@onion@metallic@alliaceous
5462988,"methyl (9E,12Z)-octadeca-9,12-dienoate",bland
57357963,33368-82-0,sulfurous@alliaceous
12377,Dipropyl disulfide,burnt@onion@sulfury@earthy@green
16315,Diallyl trisulfide,garlic@onion@metallic@green
31404,"2,6-Di-tert-butyl-4-methylphenol",mild@vanilla@musty@camphor@phenolic
10451,"1,3-Dithiane",roasted@alliaceous
5315594,AC1NST8Q,herbal@herb
75427,(R)-(+)-Citronellal,citrus@herbal@fresh
62913,"2,5-Diethyltetrahydrofuran",caramel@sweet@herbal
61290,Methyl citronellate,apple@brandy@waxy@floral@sweet@fruity@geranium
3084331,T-Muurolol,spicy@herbal@weak spice@herb
7136,Acetyleugenol,carnation@spice@clove@malt@fresh@floral@woody@sweet
66751,Octyl benzoate,fruity@balsam
61200,2-Hydroxy-4-methylbenzaldehyde,almond@bitter@phenolic
642875,(-)-Mintlactone,
9989713,CID 9989713,mint@apple@rose@fresh@green@woody@bergamot@grapefruit
443162,(-)-alpha-Terpineol,floral@lilac
520148,Phenethyl 2-methylbutyrate,rose@waxy@floral@sweet@tropical@green
94174,"(1aR,4S,4aS,7R,7aS)-1,1,4,7-tetramethyl-2,3,4a,5,6,7,7a,7b-octahydro-1aH-cyclopropa[e]azulen-4-ol",herbal@sweet@fruity@tropical@minty@green
519158,3-Decanol,orange@floral@musty@fatty@mushroom
62375,Benzaldehyde dimethyl acetal,wine@sharp@floral@hummus@fruity@almond@green
521253,(-)-Zingiberene,fresh@sharp@spice
442009,carnosol,bitter
528708,.alpha.-Calacorene,wood@woody
94060,58461-27-1,herbal@herb
5318103,AC1NSWDQ,herbal@herb
10224,483-77-2,spice@herb
31408,Nopol,citrus@balsamic@herbal@sweet@pine
65724,Verbenone,celery@menthol@camphor
92221,(+)-Camphene,fir@herbal@fresh@woody@camphor
24434,Potassium Nitrate,odorless
11027,3-Thujanone,cedarleaf
111274,UNII-R1AUQ945JN,mint@minty@fresh
22227,d-Dihydrocarvone,minty@herbal
6028462,Angelaldehyde,strong@fruit@green
91496,"Limonene 1,2-epoxide",fruit
442462,Carvone oxide,mint@caraway@sweet@spearmint@spicy
442482,(R)-(-)-alpha-Phellandrene,terpene@medicinal
8176,Octyl formate,orange@rose@waxy@fruity@cucumber
238782,"5,7-Dihydroxyflavanone",bitter
68346,Artemisia ketone,mint@berry@herbal@honey@herb@green
11368078,"(E,E)-2,4-Decadienoic isobutylamide",herbal@spicy
69963,5-Hexen-1-ol,green
521332,STK020088,amber@clary@sweet@woody@balsam@weedy
11467,gamma-Terpineol,lilac@terpineol
19603,2-Heptylfuran,lactonic@roasted@fatty@oily@nutty@green
231325,1-(furan-2-yl)pentan-1-one,caramel@sweet
31492,"2,4,5-Trimethyl-3-Oxazoline",caramel@musty@wood@nutty@green
8106,1-Hexanethiol,sulfur@burnt@sulfurous@roasted@garlic@fat@sulfury@fatty@meaty
28906,"3,5-Diethyl-2-Methylpyrazine",nutty@vegetable@meaty@baked
33032,L-glutamic acid,yeast@bread@baked@mild
8185,10-Undecen-1-Ol,citrus@ozone@waxy@fresh@floral@clean
61875,Dec-4-enal,fatty@citrus@orange@aldehydic
61337,Allyl 2-furoate,jam@caramel@fruity
8013,"1,3-Propanedithiol",sulfurous@meaty
13233,Trithioacetone,burnt@sulfurous@earthy@blackberry@green
61045,"2,6-Dimethylthiophenol",roasted@sulfurous@sulfury@metallic@meaty@phenolic
519823,3-Methyl-2-butanethiol,beefy@meaty@repulsive
5362563,"2,4-Dimethyl-5-vinylthiazole",nutty@cocoa
15877,2-Methyl-1-butanethiol,bloody@sulfurous@meaty
520191,"3-Acetyl-2,5-dimethylthiophene",burnt@roasted@meaty
8077,Diethyl Disulfide,garlic@onion@ripe@gassy@greasy
7969,Benzenethiol,garlic@penetrating@repulsive
14491,"1,6-Hexanedithiol",fatty@burnt@meaty
10902,"1,2-Ethanedithiol",sulfury
6421281,"2,4,7-Tridecatrienal, (E,Z,Z)-",
6430759,2-trans-6-cis-Dodecadienal,
14475,2-Methylheptanoic Acid,butter@sweaty@waxy@green@milk@cheese
61715,3-Isobutylpyridine,strong@aromatic
5362572,67860-38-2,burnt@meaty
21828,"2-Methyl-1,3-dithiolane",sulfur@sulfurous@smoky@vegetable@savory@alliaceous
520144,1-Mercapto-2-propanone,
62128,2-Methyl-3-tetrahydrofuranthiol,sulfurous@roasted@meat@chicken@beef
13016,Benzyl methyl sulfide,burnt@roasted@pork@lamb@chicken@beef
61955,furan-2-ylmethyl pentanoate,apple@cheesy@pineapple@sweet@tropical@fruity
61918,2-Acetyl-3-ethylpyrazine,potato@tomato@oily@earthy@nutty@popcorn@corn@chip
62105,"2,5-Dimethyl-1,4-dithiane-2,5-diol",bouillon@onion@pork@savory@lamb@chicken
440968,(-)-alpha-Pinene,resinous@warm@sharp@fresh@pine
12779,Benzyl methyl disulfide,cabbage@sulfurous@vegetable@metallic@green
60998,Isobutyl phenylacetate,chocolate@amber@floral@sweet@honey
529056,101517-87-7,cocoa@roasted@peanut
5362661,2-Isopropyl-5-methyl-2-hexenal,
228548,"4,4-Dimethoxy-2-butanone",alcoholic@ethereal@bitter@musty@nutty
84234,Methyl phenyl disulfide,turnup@pungent@radish
5429,theobromine,bitter
578817,"3,5-Dimethyl-2-isobutylpyrazine",hazelnut@earthy@cocoa@musty
61155,2-Methoxyphenyl acetate,powdery@spice@smoky@clove@walnut@sweet@woody@dry
7531,2-Methyl-1-phenyl-2-propanol,rhubarb@rose@green@cortex@clean@floral@bitter@oily
60995,"(2,2-Dimethoxyethyl)benzene",hyacinth@mushroom@earthy@green@rosy@foliage@floral@bitter
19188,Phenoxyacetic Acid,sour@sweet
5281707,Coumestrol,bitter
5281222,butein,bitter
5986428,"2,4-Pentadienal",
5377381,"5,7-Dihydroxyisoflavone",bitter
5368103,"1-Butene, 1-(methylthio)-, (E)-",sulfurous
6210220,2-Methyl-3-(2-furyl)propenal,woody@herbal@spice@cinnamon
8003,Pentane,alkane
5281614,Fisetin,bitter
12146,Cyclohexyl Acetate,musty@sweet@fruity@ethereal
637759,Benzalacetone,butter@spice@vanilla@jam@floral@creamy@anise@sweet@balsam@cherry@rhubarb@almond@cinnamon
72304,Isoflavone,bitter
5610,tyramine,mild@rubbery@meaty@dirty@cooked@phenolic
61229,4-Formyl-2-methoxyphenyl acetate,powdery@vanilla@sweet@creamy@heliotropin
5362588,81925-81-7,raw@hazelnut@nut@filbert@sweet@ketonic@myrcene@nut skin@nutty
5354763,Allyl crotonate,
7929,M-Xylene,plastic
69600,2-Hydroxy-4-methoxybenzaldehyde,vanillin
3591866,Oxacycloheptadec-7-en-2-one,
61304,Heptyl 2-methylpropanoate,apple@orange@warm@apricot@grape@floral@sweet@fruity@cherry@pear@raspberry@green
15600,Decane,alkane
16537,Terpinyl formate,citrus@floral@bitter@fruity@lavender
523035,"2,3-Dehydro-1,8-cineole",mint@lemon
6473881,parthenolide,bitter
5281428,Artemorin,bitter
3473,gingerol,pungent
5281544,Oleuropein,bitter
2757,Cinchonidine,bitter
10353,p-MENTHAN-8-OL,lime@woody@sweet@pine@terpenic
5281701,Tricetin,bitter
79990,"4-Ethyl-1,2-dimethoxybenzene",musty@earthy
13854,1H-Pyrrole-2-carbaldehyde,ethereal
7523,2-Ethylpyridine,grassy@grass@green
101115,"2,6,6-trimethyl-2-hydroxycyclohexanone",tobacco@sweet@herbal
10934,"2,4-Dimethylthiazole",rubber@beefy@mold@roasted@barley@coffee@tea
12365893,"2-Pentenal, (Z)-",apple@orange@tomato@pungent@green
6439585,Acetylvalerenolic acid,odorless
26332,2-Ethyl-6-Methylpyrazine,potato@roasted
6438070,34686-71-0,peach@coconut@jasmin@waxy@creamy
6427788,UNII-89JV2MJ158,woody
5363896,4-Methyl-2-phenyl-2-pentenal,powdery@rose@sweet@cocoa@nutty
6997366,(E)-hex-2-enoate,warm@must@powerful@fat@herbal@sweet@fruity
7725,p-Tolualdehyde,cherry@deep@fruity@phenolic
12858404,(r)-(+)-dihydro-alpha-ionone,warm@herbal@earthy@woody@orris@raspberry@violet
5374527,beta-Damascone,apple@tobacco@berry@blackcurrant@rose@floral@plum@fruity@honey
6427787,UNII-P6B6JD2N2Z,citrus@green
7975,2-Methylpyridine,bitter@sweat
185635,28374-89-2,bitter
12105,3-Methylbenzaldehyde,benzaldehyde@sweet@fruity@cherry@phenolic
25021769,"2-Propen-1-one, 3-(4-hydroxyphenyl)-1-phenyl-",bitter
371257,Oxycanthine,bitter
88460,Galegine sulfate,bitter
12376292,UNII-M41Y60O5BZ,grass@powerful@gassy@fruity@green
551084,4883-60-7,tobacco@powdery@phenolic@woody@clean@nutty@spicy@dry
6548,Tetrahydrolinalool,lilac@floral@oily@lily@woody@tea@bois de rose
16741,Phenethyl isothiocyanate,horseradish@watercress@bitter@green@gooseberry
7918,Acetic Anhydride,sharp@vinegar
155007,Lilac aldehyde,floral@lilac
87436,4-Pentenyl isothiocyanate,horseradish@mustard
1550890,Cinnamyl cinnamate,
61007,4-(4-Methoxyphenyl)-2-butanone,dried raspberry@cassie@rose@sweet@fruity@cherry@absolute@raspberry
9015,4-Methoxyphenol,phenolic@bitter
155626,"P-Mentha-2,8-dien-1-ol",
8900,Heptane,alkane@ethereal@sweet
5280435,Phytol,powdery@delicate@waxy@floral@balsam@flower
122485,"(1r,4r)-4-isopropyl-1-methylcyclohex-2-en-1-ol",herb
8658,2-Methoxybenzaldehyde,hawthorn@powdery@sweet@vanilla@almond@acetophenone@guaiacol@bitter
7335,Carvyl Acetate,sweet@fruity@minty@spearmint@green
24832101,"Santalol, alpha- and beta-",woody@sweet@sandalwood@deep
86818,2-methyl-3-[4-(propan-2-yl)cyclohex-1-en-1-yl]propanal,herbal@spicy
5363291,cis-3-Hexenyl pyruvate,banana peel@oily@melon rind@tea@cucumber skin@green
66093,Valerophenone,balsam@valerian
94217,"p-Menth-8-ene-1,2-diol",cool@minty
6428995,cis-Cinnamaldehyde,spicy@cinnamon
667450,AC1LDI49,bitter
519857,Cubenol,green tea@spice@herb@herbal@tea@spicy@green
8201,Methyl Stearate,oily@fat@waxy
8181,Methyl Palmitate,oily@fatty@waxy
3026,dibutyl phthalate,faint
1549041,cis-Isoeugenol,clove@spicy
11569,3-Methoxybenzaldehyde,anisic
12658395,Clove Oil,
15558051,WLN: R1U1VO1R,peach@chocolate@pineapple@apricot@floral@sweet@fruity@balsam@cherry
526762,"1,3-p-Menthadien-7-al",fatty@fat@spicy@spice
7465,4-Isopropylphenol,woody@medicinal@spicy@warm
62117,56424-87-4,
65575,Cedrol,soft@cedarwood@sweet@woody@dry
5275726,5-hydroxy-1-(4-hydroxy-3-methoxyphenyl)tetradecan-3-one,woody@musk
6552009,Borneol,earthy@pine@camphor
86752,4-Menthen-8-ol,metal@ginger
6857681,beta-SANTALOL,woody
68316,Perillen,wood@woody
27208,beta-Bisabolol,lemon@citrus@herbal@fresh@floral@sweet@tangy@herb
442384,5986-55-0,patchouli@earthy@powdery@camphor
227829,Guaiol,balsamic@mild@rose@wood@tea@guaiacwood
1548943,Capsaicin,herbal@warm@mild
94378,Paradol,herbal@spicy
5364430,Ethyl elaidate,tallow@milky@waxy@fatty@oily@dairy
80790,Carvacryl methyl ether,leafy@herbal@spicy
14235,Myrcenyl acetate,citrus@floral@woody@nutmeg@bergamot@lavender
443156,(+)-3-Carene,lemon@sweet
565690,Menthyl isovalerate,
7393,4-tert-Butylphenol,leather@oakmoss
61153,2-Methoxystyrene,nutty@ether@herbal@green
287687,"Carotol, (+)-",pleasant@mild
7888,Hydroxycitronellal,waxy@floral@lily@sweet@tropical@melon@green
313,hydrochloric acid,
101716,Globulol,floral@rose
521185,"4,8-Methanoazulen-9-ol, decahydro-2,2,4,8-tetramethyl-, stereoisomer",spicy@earthy@woody@earth
61125,beta-Caryophyllene alcohol,warm@moss@earthy@woody@earth@spicy
11746218,Caryophyllene alcohol,spice@moss@earthy@earth@spicy
22833654,HMDB05796,bitter
387977,Curcumenol,fatty@fresh
10817,1-(4-Methylphenyl)ethanol,powdery@floral@sweet@hawthorn@nutty
6919,2-Furoic Acid,odorless
5320722,Propenyl propyl disulfide,onion@sulfurous@cooked
522459,Methyl pentyl disulfide,onion@sulfurous
9473,Piperonyl Acetate,hawthorn@sweet@metallic@strawberry@jam@floral@bitter
5352460,68698-59-9,apple@banana@waxy@grape@pear@green
527435,3-Mercapto-2-methylpentanal,onion@sulfurous
237332,5-Hydroxymethylfurfural,caramel@waxy@fatty@musty@cardboard
6430888,227456-27-1,onion@sulfurous
5366552,"Disulfide, methyl 1-propenyl",
11240503,2-Mercapto-2-Methyl-1-Pentanol,sulfurous
529388,UNII-H5E892YJGG,
53472027,D-Isoleucine Methyl Ester Hydrochloride,
98781,Allyl propyl sulfide,garlic@onion@green
11094547,(Z)-Hex-4-enal,vegetable@green
522458,Butyl propyl disulfide,sulfurous
119900,valofin,cooling@bitter@woody@sweet@fruity
81964,2-Phenylethyl pentanoate,rose@fruity@leaf
7459,p-Menthane,pine
3018936,80417-97-6,hay@coconut@coumarin@tonka
5354896,alpha-Methyl cinnamaldehyde,cassia@sweet@spicy@cinnamon
27867,Menthyl acetate,camphoraceous@orange@raspberry@melon
7600,102-19-2,chocolate@castoreum@jasmine@animal@cocoa@sweet@honey@balsam@mango
62433,Pentyl valerate,apple@fruity@ripe
656566,AC1LCV7P,bitter
78160,Erucin,cabbage@radish
5399110,(2R)-2-isothiocyanatobutane,green
9601691,Glucobrassicin,bitter
5364920,trans-2-Penten-1-ol,mushroom@green
6911854,Sinigrin,bitter
75263,Isopropyl isothiocyanate,mustard@pungent
76922,3-Butenyl isothiocyanate,pungent@aromatic
62351,3-(Methylthio)propyl isothiocyanate,horseradish@earthy@vegetable@sulfurous
11613,Butyl isothiocyanate,sulfur@citrus@wine_like@vegetable@sulfury@fatty@floral@earthy@woody@pungent@fruity@herbaceous@nutty@meaty@spicy@green
78120,Hexyl isothiocyanate,sharp@green
11167,Methyl Isothiocyanate,horseradish@mustard@pungent
184852,6-isothiocyanatohex-1-ene,
10966,Ethyl isothiocyanate,garlic@mustard@pungent
165224,1-Isothiocyanato-6-(methylthio)hexane,radish
206037,Berteroin,cabbage@radish
77840,2-Vinylpyrazine,nutty
19754,Methyl propyl sulfide,leek@creamy@alliaceous@green
61922,4-Methylthio-2-butanone,sulfurous@potato@vegetable@tomato@earthy@fruit@sweet
6920,2-Acetylthiophene,sulfur@sulfury
2998,Nonivamide,bland@odorless
6660,80-71-7,caramel@smoky@maple syrup@maple
448996,2-Nonen-4-one,fruity
6493,3-Methyl-3-Pentanol,leafy@powerful@fruity@green
7896,"1,3-Butanediol",odorless@bitter
522071,2-heptanethiol,sulfurous@sweaty@onion@vegetable@pungent@skunky
19695,"1,1-Diethoxy-3-Methylbutane",fatty@fruity
27460,"5-Ethyl-2,3-dimethylpyrazine",burnt@popcorn
62725,2-Isobutylthiazole,wasabi@privet@vegetable@tomato@earthy@tomato leaf@leaf@metallic@green
10452,"1,4-Dithiane",solvent@sulfurous@garlic@onion@pyridine@fishy
6428936,Methialdol,
519539,2-sec-Butylthiazole,raw@pepper@herbal@green
222285,Erythritol,odorless@sweet-like
643950,cis-Crotonaldehyde,flower
8834,Citronellyl propionate,neroli@waxy@rose@green@floral@bitter@fruity
22556,2-Dodecanone,floral@citrus@orange@fruity
178,acetamide,mousy
643757,cis-Aconitic acid,bland
61585,Celestolide,ambergris@animal@woody@musk@cedar
6343,Ethanethiol,sulfurous@fruity
24619,Calcium Iodate,odorless
519890,Methyl 2-methylpentanoate,hazelnut@apple@berry@fruity@tropical
110968,2-Ethyl-1-hexanethiol,
6364,2-Propanethiol,sulfurous@onion@ripe@gassy@strong@meaty
5367530,"(2E,4E)-Dodeca-2,4-dienal",fatty@citrus@orange@grapefruit
518856,"2,5-Diethyl-4-methylthiazole",nutty@green
574068,"2-isobutyl-4,5-dimethyloxazole",burnt@roasted
33135,2-Ethyl-3-Methoxypyrazine,raw@potato@pepper@earthy@bell@nutty
5463935,Ethyl 4-(methylthio)butyrate,sulfury
10703,2-Isopropyltoluene,
92313,(-)-gamma-cadinene,
5281520,Humulene,
521902,"Disulfide, 1-methylpropyl propyl",
79045,"1,2-Dithiolane",
92762,alpha-Eudesmol,
10979,n-Propyl nitrite,
6450812,beta-Gurjunene,
11586487,(R)-beta-himachalene,
11106485,beta-Cedrene,
10878761,Hinesol,
6430754,10-epi-gamma-Eudesmol,floral@sweet@woody@wood@flower
5368821,Alloocimene,
10104370,beta-Bisabolene,
94314,sec-Butyl Disulfide,
442393,Beta-Selinene,
21675005,Agarospirol,
92231,Spathulenol,
5317570,(-)-Germacrene D,wood@woody@spice
89755,(+)-Dihydrocarveol,
4650,p-benzoquinone,
5283383,"9,12-Octadecadienal",
785,hydroquinone,
8209,1-Tetradecanol,coconut@orris@fruity@waxy
534429,2-Pentadecyn-1-ol,
2682,1-Hexadecanol,wax@floral@waxy@flower
7507,Cyclohexylmethanol,
13572,6-Methylheptan-2-one,
5282184,Ethyl Linoleate,
61124,"2,6,6-Trimethyl-1-cyclohexene-1-acetaldehyde",cooling@woody@fruity@weedy@beef@camphor
62378,Dihydrojasmone,spice@outdoor@jasmin@herbal@fresh@myrrh@woody
69415,Pentyl isothiocyanate,green
78152,Heptyl isothiocyanate,
78151,sec-Butyl isothiocyanate,
95495,"6,10-Dimethyl-2-undecanone",
5366244,Phytol,
145386,Phytol,
69816,Allyl thiocyanate,
10812,M-Cymene,
79086,3-Methylbutyl isothiocyanate,green
12581,3-Phenylpropanenitrile,
887,methanol,alcoholic
12225100,55896-93-0,
15801179,99583-29-6,
13849,Pentadecanoic Acid,waxy
445638,palmitoleic acid,
12025,2-Pyrrolidinone,
15450,6-Methyl-1-Heptanol,
25793,3-Methyl-1-Hexanol,
11815386,3-Hydroxy-5-methyl-2-hexanone,sour@cheesy@milky
30945,3-Methyl-2(5H)-furanone,
5280450,linoleic acid,fatty@faint
8299,Hydroxyacetone,caramellic@sweet@pungent@ethereal
5318734,Juniper camphor,
94254,3242-08-8,
10398656,alpha-Cadinol,
6329006,Allyldimethylsilane,
137065,"1,3-Diphenyl-1-butanone",
98043,Nerolidyl acetate,
637517,Elaidic acid,
19315,7-Octen-2-One,
8794,Phenylacetonitrile,
447466,Crotonaldehyde,
11686,Dimethylmalonic Acid,
117754,1-Tridecyne,
37109,2-Ethylcyclobutanol,
1711945,Farnesyl acetone,
5362616,(Z)-Hept-2-enal,
11830551,(-)-alpha-Himachalene,
16997,5-Ethyl-2(5H)-furanone,spice
6781,Diethyl Phthalate,bitter
15268,2-Methyltetradecane,
17899,3-Methylpentadecane,
638127,4-Hexenoic acid,
15269,2-Methyltridecane,
12397,1-Pentadecanol,
29995,20189-42-8,
7936,"2,4-Lutidine",
98251,"2,4-Dimethylcyclohexanol",
61416,Citronellyl Valerate,warm@rose@herbal@honey@herb
79105,"3,3-Dimethylcyclohexanol",
7809,P-Xylene,
21587486,55123-21-2,
7962,Methylcyclohexane,
10943,"1,3-Dichlorobenzene",
11523,"cis-1,4-Dimethylcyclohexane",
15504,Ethylcyclohexane,
6344,Dichloromethane,
23662384,Sodium Diacetate,bland
1103,spermine,
6436486,trans-2-Hexenal dimethyl acetal,apple@fruity
12997,1-Decyne,
90716,6-Methylheptanoic acid,
5862,L-cysteine,sulfury
92649,57074-34-7,
8028,Tetrahydrofuran,
10657,Beta-Cadinene,
6427087,"2E,4Z-Decadienal",fat@waxy@fatty@geranium@fried@green
442353,beta-Chamigrene,
93046,"2,10-Epoxypinane",
524200,Silveterpinolene,
10225,Cadalene,
12406,Pentacosane,
12302243,alpha-Calacorene,
12592,Tetracosane,
6430833,cis-Phytol,
91865027,UNII-S32G48306Y,
10867438,Khusimone,
519323,"p-Mentha-1,5-dien-8-ol",
5367369,Ethyl arachidonate,
8207,1-Tridecanol,must@musty
15979,Pristane,
18815,1-Chlorooctadecane,
543579,Pentadecyl acrylate,
7311,"2,4-Di-tert-butylphenol",
10453,Isophytol,
96923,1-Hexadecanesulfonyl chloride,
8403,Dicyclohexyl ketone,
528763,1203-08-3,
1757003,Pseudoionone,citrus@powdery@balsamic@waxy@floral@sweet@dusty@spicy@dry
6436624,Ethyl palmitoleate,
971,oxalic acid,
18645216,"4-(But-2-en-1-ylidene)-3,5,5-trimethylcyclohex-2-enone",
5364438,(Z)-7-Hexadecenal,
33934,Diisooctyl phthalate,
557934,32064-73-6,
20149,Tetracontane,
12523,Phytane,
636822,alpha-Asarone,
80796,Lauryl 3-mercaptopropionate,
138824,"3,7,11-Trimethyl-1-dodecanol",
31256,Diacetone alcohol,
543912,14-Bromopentadecanoic acid,
95337,2-Hexyl-1-decanol,
6782,Diisobutyl Phthalate,
8418,Anthracene,
12507,4-Methoxystyrene,sweet
5318517,Andrographolide,bitter
121677,"1,1,6-Trimethyl-1,2-dihydronaphthalene",licorice
638034,Retinyl Acetate,
14092,1-Methyl-3-Propylbenzene,
10281,Thymoquinone,
7947,Mesitylene,
13621,3-Ethyl-o-xylene,
12395,1-Hexadecene,
82229,l-alpha-Fenchone,earthy@woody@herbal@camphor
162464,Cirsilineol,
5484202,Stigmast-4-en-3-one,
68972,1-Triacontanol,
222284,Beta-Sitosterol,
66828,(1-Bromovinyl)benzene,
5742590,Daucosterol,
86608,alpha-Bergamotene,
89421,dl-Codamine,bitter
262,"2,3-butanediol",onion@fruit@creamy@fruity@buttery
4680,papaverine,bitter
275196,noscapine,bitter
2762759,"2,5-dimethylthiophene-3-carbaldehyde",
7364,Thiophene-2-carbaldehyde,sulfur@sulfurous
61874,Octadienal,
9548706,(-)-Germacrene A,
21160126,Pregeijerene,
8907,Isopropyl Palmitate,oily@bland@fat
107153,3695-24-7,
82227,7785-70-8,
5282800,"(10E,12Z)-octadeca-10,12-dienoic acid",
15286,1-Propoxy-2-Propanol,
16835,3-Methylhexan-2-ol,
12315259,"2-Methyl-5-((1S,2S,4R)-2-methyl-3-methylenebicyclo[2.2.1]heptan-2-yl)pent-2-en-1-ol",
8883,"2,5-Dimethyl-3-Hexyne-2,5-Diol",
12256,Ethyl Isopropyl Ether,
12247,4-Penten-2-Ol,
10037,Allene,
7845,"1,3-Butadiene",
31237,Dodecylbenzene,
674,dimethylamine,
123136,Allyl radical,
10405,5-Nonanone,
13587,3-Methylfuran,
137640,2564-86-5,
6428535,"(1R,6S)-gamma-himachalene",
76319594,(-)-alpha-Copaene,
7964,Chlorobenzene,
5365710,"1,3-Hexadiene, 3-ethyl-2-methyl-",
7055,2-Methylnaphthalene,
5281517,(E)-beta-farnesene,
26058,"2,2,4,6,6-Pentamethylheptane",
5282716,3-Octenoic Acid,oily@fatty
5281611,"3,7,4'-Trihydroxyflavone",bitter
7768,azepan-2-one,spicy@bitter@amine
16296,Pentyl Benzoate,amber@musky@floral@balsam@green
7601,Phenethyl phenylacetate,rose@floral@sweet@honey@balsam@hyacinth
21606187,Linden ether,mint@floral
73467,Verbenalin,bitter
65243,Ginkgolide B,bitter
115221,Ginkgolide A,bitter
161120,Ginkgolide C,bitter
5318557,Isoelemicin,flower@spice
